"customer_id","total_revenue","order_count","spend_tier"
13256,"0.00",1,"low"
16738,"3.75",1,"low"
14792,"6.20",1,"low"
16454,"6.90",2,"low"
17956,"12.75",1,"low"
16878,"13.30",1,"low"
15823,"15.00",1,"low"
17763,"15.00",1,"low"
13307,"15.00",1,"low"
16093,"17.00",1,"low"
16953,"20.80",1,"low"
17986,"20.80",1,"low"
17102,"25.50",1,"low"
18268,"25.50",1,"low"
15657,"30.00",1,"low"
13120,"30.60",1,"low"
17408,"32.65",1,"low"
16765,"34.00",1,"low"
15744,"34.80",1,"low"
14576,"35.40",1,"low"
16856,"35.40",1,"low"
17831,"35.40",1,"low"
15940,"35.80",1,"low"
17816,"36.56",4,"low"
16162,"37.40",1,"low"
12855,"38.10",1,"low"
18019,"38.45",1,"low"
16659,"39.12",1,"low"
12977,"39.24",1,"low"
14589,"39.75",1,"low"
15178,"40.50",1,"low"
15992,"41.99",1,"low"
14300,"43.20",1,"low"
15423,"43.50",1,"low"
14080,"45.60",1,"low"
16257,"46.95",1,"low"
15603,"48.48",1,"low"
14821,"48.80",1,"low"
18184,"49.80",1,"low"
13011,"50.55",1,"low"
14351,"51.00",1,"low"
17844,"51.56",1,"low"
14682,"52.00",2,"low"
15313,"52.00",1,"low"
13832,"52.20",1,"low"
14865,"52.20",2,"low"
15504,"52.83",1,"low"
16349,"53.50",1,"low"
13366,"56.16",1,"low"
15899,"56.25",1,"low"
17775,"56.40",1,"low"
13080,"58.08",1,"low"
14957,"58.49",1,"low"
13682,"59.50",1,"low"
13391,"59.80",1,"low"
17174,"59.90",1,"low"
13194,"60.70",1,"low"
15516,"62.43",3,"low"
13218,"62.64",1,"low"
14840,"62.85",1,"low"
14437,"63.00",1,"low"
12665,"63.00",1,"low"
17263,"63.44",1,"low"
13302,"63.75",1,"low"
13130,"64.00",1,"low"
17382,"65.40",1,"low"
13684,"67.23",1,"low"
14393,"67.95",1,"low"
15863,"68.84",2,"low"
18037,"70.02",6,"low"
17022,"71.00",1,"low"
17747,"71.40",1,"low"
13185,"71.40",1,"low"
13938,"71.66",1,"low"
13686,"72.00",1,"low"
17906,"72.90",1,"low"
16171,"73.20",1,"low"
12506,"73.50",1,"low"
18032,"73.50",1,"low"
17960,"73.78",1,"low"
18050,"74.40",1,"low"
13095,"74.40",1,"low"
16468,"74.90",1,"low"
13403,"75.00",1,"low"
16610,"75.66",1,"low"
17628,"75.75",1,"low"
17995,"76.10",1,"low"
15668,"76.32",1,"low"
18113,"76.32",1,"low"
14090,"76.32",1,"low"
16148,"76.32",1,"low"
13106,"76.50",1,"low"
17536,"76.50",1,"low"
14373,"76.55",1,"low"
13992,"76.80",1,"low"
13132,"77.30",1,"low"
14785,"77.40",2,"low"
17942,"77.50",1,"low"
15753,"79.20",1,"low"
16078,"79.20",1,"low"
13747,"79.60",1,"low"
17752,"80.64",1,"low"
13967,"80.70",1,"low"
16789,"80.80",1,"low"
18281,"80.82",1,"low"
17620,"81.44",1,"low"
13006,"81.57",1,"low"
17309,"82.75",1,"low"
12401,"84.30",1,"low"
13666,"84.65",3,"low"
15729,"85.00",1,"low"
13841,"85.00",1,"low"
15541,"85.13",1,"low"
13296,"87.40",1,"low"
15180,"87.50",1,"low"
15083,"88.20",1,"low"
12353,"89.00",1,"low"
14436,"89.06",1,"low"
12686,"89.14",1,"low"
14760,"89.20",1,"low"
14219,"89.94",1,"low"
14117,"90.00",1,"low"
16597,"90.04",1,"low"
15552,"90.12",1,"low"
16506,"90.30",2,"low"
18084,"90.48",1,"low"
13947,"90.60",1,"low"
14353,"90.60",1,"low"
15488,"91.32",1,"low"
12659,"91.68",1,"low"
13160,"91.80",1,"low"
13551,"91.80",1,"low"
12789,"91.85",1,"low"
14054,"92.46",1,"low"
12821,"92.72",1,"low"
17991,"93.35",2,"low"
13283,"93.66",2,"low"
18227,"93.75",1,"low"
15428,"93.78",1,"low"
15397,"94.00",1,"low"
13651,"94.20",2,"low"
16387,"94.36",1,"low"
12548,"95.20",1,"low"
18249,"95.34",1,"low"
17024,"95.85",3,"low"
14642,"96.12",1,"low"
15216,"96.60",1,"low"
17325,"96.80",1,"low"
12984,"97.50",1,"low"
15422,"97.70",2,"low"
18033,"97.97",1,"low"
17895,"98.00",1,"low"
17538,"98.42",1,"low"
15256,"98.45",1,"low"
17939,"99.14",1,"low"
13703,"99.50",1,"low"
14371,"100.50",1,"low"
17427,"100.80",1,"low"
14946,"100.90",1,"low"
16498,"100.97",2,"low"
16344,"101.10",1,"low"
13101,"101.19",1,"low"
18086,"101.34",1,"low"
16006,"101.40",1,"low"
17643,"101.55",1,"low"
16516,"101.70",1,"low"
18068,"101.70",1,"low"
15212,"101.80",1,"low"
13948,"102.00",1,"low"
14981,"102.12",1,"low"
14836,"102.45",3,"low"
18011,"102.79",1,"low"
17962,"102.83",1,"low"
14542,"103.25",1,"low"
17548,"103.30",1,"low"
18255,"103.30",1,"low"
18174,"104.00",1,"low"
15958,"104.35",1,"low"
15607,"104.76",1,"low"
14027,"104.82",1,"low"
15775,"104.90",1,"low"
16581,"105.84",1,"low"
17791,"106.10",1,"low"
15070,"106.20",1,"low"
15168,"106.56",1,"low"
16757,"106.83",1,"low"
15395,"107.45",1,"low"
16784,"107.60",1,"low"
14661,"107.95",1,"low"
12956,"108.07",1,"low"
13226,"108.21",1,"low"
16106,"108.38",1,"low"
17639,"108.50",1,"low"
14345,"108.98",1,"low"
14699,"109.13",1,"low"
16363,"109.36",1,"low"
13133,"109.80",2,"low"
16339,"109.95",1,"low"
17836,"110.21",1,"low"
17746,"110.25",1,"low"
16792,"110.38",2,"low"
18277,"110.38",1,"low"
17901,"110.38",1,"low"
12734,"110.40",1,"low"
14641,"110.46",1,"low"
16963,"110.55",1,"low"
17349,"110.75",1,"low"
15853,"110.80",1,"low"
15537,"110.92",1,"low"
13144,"110.95",1,"low"
13508,"110.97",1,"low"
18120,"111.15",1,"low"
17887,"111.35",1,"low"
17957,"111.68",1,"low"
17274,"111.98",1,"low"
12756,"112.08",1,"low"
17900,"112.20",2,"low"
17893,"112.25",1,"low"
14271,"112.32",1,"low"
17038,"112.40",1,"low"
15610,"112.46",1,"low"
18129,"112.55",1,"low"
13807,"112.60",1,"low"
13161,"112.75",1,"low"
16697,"112.75",1,"low"
14689,"112.80",1,"low"
15280,"113.12",1,"low"
16913,"113.44",1,"low"
18105,"113.48",1,"low"
17217,"113.50",1,"low"
15445,"113.50",1,"low"
14457,"113.64",1,"low"
12651,"114.00",1,"low"
14582,"114.11",1,"low"
12938,"114.14",1,"low"
14652,"114.18",1,"low"
17219,"114.23",1,"low"
17852,"114.34",2,"low"
14974,"114.39",1,"low"
14632,"114.56",1,"low"
16247,"114.56",1,"low"
13188,"114.60",1,"low"
14972,"114.77",1,"low"
18027,"115.31",1,"low"
13067,"115.46",1,"low"
15350,"115.65",1,"low"
14143,"115.80",1,"low"
13170,"116.01",1,"low"
17601,"116.01",1,"low"
17117,"116.20",1,"low"
13877,"117.24",1,"low"
16959,"117.35",1,"low"
17654,"117.55",1,"low"
12929,"117.85",1,"low"
13193,"117.88",1,"low"
13581,"118.00",1,"low"
14155,"118.75",1,"low"
17079,"118.80",1,"low"
15843,"118.95",1,"low"
16666,"118.98",1,"low"
15266,"119.30",1,"low"
16542,"119.62",1,"low"
14453,"119.93",1,"low"
14314,"120.00",1,"low"
14259,"120.00",1,"low"
18015,"120.03",1,"low"
17446,"120.90",2,"low"
13002,"120.95",1,"low"
15512,"121.00",2,"low"
15049,"121.17",1,"low"
13182,"121.18",1,"low"
13244,"121.74",1,"low"
18018,"122.14",2,"low"
16073,"122.40",1,"low"
14076,"122.47",1,"low"
14165,"122.54",1,"low"
13638,"122.64",1,"low"
14413,"122.70",1,"low"
13876,"122.70",1,"low"
13519,"122.75",1,"low"
17967,"123.07",1,"low"
15917,"123.10",1,"low"
16658,"123.24",1,"low"
14495,"123.80",2,"low"
16569,"124.20",1,"low"
16849,"124.57",1,"low"
17148,"124.88",1,"low"
12531,"125.22",1,"low"
15017,"125.58",1,"low"
14890,"125.65",1,"low"
14861,"125.79",1,"low"
13522,"125.80",1,"low"
12814,"125.92",1,"low"
16988,"126.12",1,"low"
15463,"126.14",1,"low"
16414,"126.25",2,"low"
14962,"126.70",1,"low"
15923,"127.08",1,"low"
15578,"127.10",1,"low"
13781,"127.84",1,"low"
17359,"127.86",1,"low"
15543,"127.86",1,"low"
16828,"128.50",2,"low"
16623,"129.45",1,"low"
16611,"129.49",1,"low"
16679,"129.75",1,"low"
15844,"130.74",1,"low"
14795,"131.45",1,"low"
17455,"131.70",1,"low"
17297,"131.78",1,"low"
14438,"131.90",1,"low"
17785,"131.94",1,"low"
17647,"133.06",1,"low"
15709,"133.25",1,"low"
17881,"133.35",1,"low"
12445,"133.40",1,"low"
14349,"133.50",1,"low"
16424,"133.56",1,"low"
14280,"134.04",1,"low"
12837,"134.10",1,"low"
14174,"134.46",1,"low"
15562,"134.55",1,"low"
14340,"134.70",1,"low"
16055,"134.80",1,"low"
13364,"134.96",1,"low"
12851,"135.18",1,"low"
15276,"135.31",1,"low"
16665,"135.40",1,"low"
15174,"135.75",1,"low"
16114,"135.75",1,"low"
15419,"135.86",1,"low"
14889,"135.90",1,"low"
15042,"135.93",1,"low"
12968,"135.95",1,"low"
16462,"136.00",3,"low"
17972,"136.04",1,"low"
14247,"136.77",1,"low"
15691,"136.80",1,"low"
17468,"137.00",2,"low"
14483,"137.10",1,"low"
15836,"137.37",1,"low"
17709,"137.45",1,"low"
13279,"137.75",1,"low"
16050,"137.90",1,"low"
12512,"138.03",2,"low"
15663,"138.14",1,"low"
13716,"138.28",1,"low"
17122,"138.32",1,"low"
14581,"138.60",1,"low"
12902,"138.68",1,"low"
13273,"138.98",1,"low"
15135,"139.05",1,"low"
18209,"139.10",1,"low"
14772,"139.26",1,"low"
17718,"139.35",1,"low"
16483,"139.35",1,"low"
14494,"139.56",1,"low"
13483,"140.34",1,"low"
15388,"140.54",1,"low"
14041,"141.41",1,"low"
13561,"141.86",1,"low"
14386,"142.40",1,"low"
13584,"142.40",1,"low"
13299,"142.50",1,"low"
16287,"142.50",1,"low"
15705,"143.10",1,"low"
17578,"143.46",1,"low"
17186,"144.00",2,"low"
12587,"144.00",1,"low"
14109,"144.20",1,"low"
12974,"144.80",1,"low"
16852,"144.91",2,"low"
17524,"145.00",1,"low"
16598,"145.05",1,"low"
15937,"145.35",1,"low"
13866,"145.67",1,"low"
17935,"145.79",2,"low"
12565,"145.92",1,"low"
16893,"145.93",1,"low"
14238,"146.85",1,"low"
17030,"146.87",1,"low"
15503,"147.09",1,"low"
12864,"147.12",1,"low"
14037,"147.20",2,"low"
14098,"147.35",1,"low"
14968,"147.59",1,"low"
17859,"148.21",1,"low"
15526,"148.44",2,"low"
17549,"148.86",2,"low"
13003,"149.05",3,"low"
15435,"149.29",1,"low"
15748,"149.31",1,"low"
18262,"149.48",1,"low"
17946,"149.58",2,"low"
15869,"149.64",2,"low"
17234,"149.89",1,"low"
15717,"150.30",1,"low"
14073,"151.04",1,"low"
16337,"151.05",1,"low"
13697,"151.30",1,"low"
16461,"151.42",1,"low"
13462,"151.50",1,"low"
14208,"151.74",1,"low"
16412,"151.83",1,"low"
16617,"151.85",1,"low"
17898,"152.06",2,"low"
14039,"152.20",1,"low"
13514,"152.20",1,"low"
17707,"152.40",2,"low"
14066,"152.55",1,"low"
18138,"152.65",1,"low"
17984,"152.68",1,"low"
16248,"152.94",1,"low"
17714,"153.00",1,"low"
12602,"153.12",1,"low"
16351,"153.90",1,"low"
17286,"153.92",1,"low"
17517,"153.94",1,"low"
15226,"154.41",1,"low"
17026,"154.83",2,"low"
15740,"154.88",1,"low"
17698,"154.95",1,"low"
14046,"154.99",1,"low"
14368,"155.00",1,"low"
13809,"155.05",1,"low"
15447,"155.17",1,"low"
16720,"155.24",1,"low"
12738,"155.35",1,"low"
17832,"155.37",1,"low"
14813,"155.43",2,"low"
17899,"155.80",1,"low"
17871,"155.90",1,"low"
13898,"155.93",1,"low"
15263,"156.51",1,"low"
15438,"156.58",1,"low"
14406,"156.75",1,"low"
15007,"156.91",1,"low"
17118,"157.02",1,"low"
14585,"157.05",1,"low"
17128,"157.09",1,"low"
14148,"157.20",1,"low"
14799,"157.70",1,"low"
17556,"157.90",1,"low"
15988,"158.03",1,"low"
15348,"158.04",1,"low"
15160,"158.16",1,"low"
17165,"158.68",1,"low"
13937,"158.85",1,"low"
18224,"158.95",1,"low"
16213,"159.00",1,"low"
13420,"159.85",2,"low"
12966,"160.18",1,"low"
14714,"160.19",1,"low"
18146,"160.35",2,"low"
18203,"160.42",1,"low"
12573,"160.54",1,"low"
17344,"160.57",1,"low"
15852,"160.71",2,"low"
13229,"160.95",1,"low"
14089,"161.00",1,"low"
14237,"161.00",1,"low"
14204,"161.03",1,"low"
14362,"161.20",1,"low"
16113,"161.38",1,"low"
15458,"161.64",1,"low"
17600,"161.67",1,"low"
16932,"161.94",1,"low"
15325,"162.29",1,"low"
15733,"162.30",1,"low"
16517,"162.70",1,"low"
15167,"163.00",1,"low"
16406,"163.07",1,"low"
13223,"163.20",2,"low"
17110,"163.30",1,"low"
14354,"163.62",2,"low"
18200,"163.80",1,"low"
12920,"164.23",1,"low"
13603,"164.34",1,"low"
17535,"164.40",1,"low"
15904,"164.68",1,"low"
15316,"165.00",1,"low"
13470,"165.00",2,"low"
18042,"165.05",1,"low"
14552,"165.07",1,"low"
14485,"165.75",1,"low"
12817,"166.04",1,"low"
17650,"166.08",1,"low"
14295,"166.20",1,"low"
18014,"166.42",1,"low"
16405,"167.25",2,"low"
15920,"167.50",4,"low"
16952,"167.61",2,"low"
17561,"167.62",1,"low"
18088,"167.67",1,"low"
12551,"168.00",1,"low"
15374,"168.00",1,"low"
15986,"168.12",1,"low"
17737,"168.24",2,"low"
16282,"168.30",1,"low"
18099,"168.31",1,"low"
15888,"168.31",1,"low"
17367,"168.40",1,"low"
18269,"168.60",1,"low"
14578,"168.63",1,"low"
12367,"168.90",1,"low"
18004,"169.47",1,"low"
14218,"169.48",1,"low"
13962,"169.55",2,"low"
16921,"169.79",1,"low"
15016,"170.04",1,"low"
18058,"170.16",1,"low"
14860,"170.32",1,"low"
17542,"170.75",1,"low"
15432,"171.19",1,"low"
17245,"171.45",1,"low"
16773,"171.59",1,"low"
14536,"171.80",1,"low"
12442,"172.06",1,"low"
13922,"172.25",1,"low"
13690,"172.25",1,"low"
18048,"172.29",2,"low"
14693,"172.90",1,"low"
15670,"173.05",1,"low"
15565,"173.16",2,"low"
12441,"173.55",1,"low"
16565,"173.70",1,"low"
14798,"173.74",3,"low"
16861,"173.76",2,"low"
18278,"173.90",1,"low"
15335,"173.97",1,"low"
14518,"174.37",1,"low"
13560,"174.37",1,"low"
14355,"174.40",1,"low"
18010,"174.80",1,"low"
16144,"175.20",1,"low"
17331,"175.20",1,"low"
17582,"175.27",1,"low"
18274,"175.92",1,"low"
12509,"176.50",1,"low"
14287,"176.63",3,"low"
17947,"176.68",1,"low"
12923,"176.97",1,"low"
13072,"177.15",1,"low"
12618,"177.31",1,"low"
13618,"177.34",1,"low"
16403,"177.50",1,"low"
18282,"178.05",2,"low"
17356,"178.22",1,"low"
17253,"178.26",1,"low"
17879,"178.52",1,"low"
13778,"178.70",1,"low"
15262,"178.95",1,"low"
16620,"178.96",2,"low"
15139,"178.96",2,"low"
14705,"179.00",1,"low"
16990,"179.00",1,"low"
15454,"179.10",1,"low"
15895,"179.17",1,"low"
18147,"179.34",2,"low"
12622,"180.10",1,"low"
13598,"180.17",1,"low"
15041,"180.35",1,"low"
13710,"180.48",1,"low"
18280,"180.60",1,"low"
16835,"180.85",2,"low"
15292,"180.94",1,"low"
15945,"181.00",1,"low"
15886,"181.09",1,"low"
16594,"181.09",1,"low"
18119,"181.12",1,"low"
14082,"182.25",1,"low"
17772,"182.77",2,"low"
13059,"183.40",1,"low"
13460,"183.44",2,"low"
14059,"183.60",1,"low"
16680,"183.70",1,"low"
14326,"183.85",1,"low"
15124,"184.19",2,"low"
16433,"184.26",1,"low"
17680,"184.40",1,"low"
13482,"184.64",1,"low"
16097,"185.05",1,"low"
14199,"185.40",1,"low"
17574,"185.65",1,"low"
12641,"185.90",1,"low"
15567,"186.01",1,"low"
14551,"186.23",2,"low"
13672,"186.39",2,"low"
17440,"186.42",3,"low"
18013,"187.29",2,"low"
17279,"187.83",1,"low"
14722,"187.92",1,"low"
17781,"188.02",2,"low"
12893,"188.14",1,"low"
14697,"188.61",2,"low"
16448,"188.89",1,"low"
18045,"189.40",1,"low"
13663,"189.47",1,"low"
13826,"189.50",1,"low"
12361,"189.90",1,"low"
17885,"190.19",1,"low"
13972,"190.25",2,"low"
15412,"190.53",1,"low"
13033,"190.55",1,"low"
17233,"190.88",1,"low"
15692,"191.04",1,"low"
14966,"191.32",1,"low"
17904,"191.67",1,"low"
15909,"191.94",1,"low"
12791,"192.60",1,"low"
14768,"192.60",2,"low"
12522,"192.72",2,"low"
13568,"192.85",1,"low"
14801,"193.14",1,"low"
14806,"193.39",1,"low"
17608,"193.42",2,"low"
16847,"193.44",1,"low"
15198,"193.64",2,"low"
17343,"193.64",1,"low"
15683,"193.75",1,"low"
17475,"194.37",1,"low"
14087,"194.42",1,"low"
16887,"194.88",1,"low"
14100,"194.90",1,"low"
15612,"195.15",2,"low"
14666,"195.25",1,"low"
17010,"195.36",1,"low"
13792,"195.55",2,"low"
16112,"195.74",4,"low"
17660,"196.00",1,"low"
13978,"196.79",2,"low"
15746,"196.88",1,"low"
13436,"196.89",1,"low"
12586,"196.94",1,"low"
15234,"197.00",1,"low"
14830,"197.13",1,"low"
16829,"197.22",1,"low"
17301,"197.63",1,"low"
14789,"197.64",1,"low"
14185,"197.65",1,"low"
12581,"197.71",1,"low"
12450,"197.88",2,"low"
16178,"197.90",1,"low"
17987,"198.57",1,"low"
16832,"199.15",3,"low"
17383,"199.29",1,"low"
13322,"199.48",1,"low"
15593,"199.80",1,"low"
13723,"199.85",1,"low"
14782,"200.10",1,"low"
13980,"200.14",1,"low"
15437,"200.16",1,"low"
13262,"200.29",1,"low"
17693,"200.47",1,"low"
17988,"201.12",7,"low"
13859,"201.16",1,"low"
13284,"201.19",1,"low"
16965,"201.19",1,"low"
13295,"201.20",1,"low"
15347,"201.60",1,"low"
14385,"202.11",3,"low"
18169,"202.65",1,"low"
14381,"202.68",1,"low"
15723,"203.10",1,"low"
17376,"203.20",2,"low"
17891,"203.86",1,"low"
17889,"203.87",2,"low"
17394,"203.87",1,"low"
17187,"203.95",1,"low"
18273,"204.00",3,"low"
13017,"204.00",1,"low"
17206,"204.24",1,"low"
15319,"204.50",1,"low"
13513,"205.10",1,"low"
15758,"205.25",1,"low"
15307,"205.30",1,"low"
17843,"205.48",1,"low"
17670,"205.70",1,"low"
13065,"205.86",1,"low"
14964,"206.21",1,"low"
17166,"206.34",2,"low"
18126,"206.83",1,"low"
15820,"206.98",1,"low"
15925,"207.15",1,"low"
13099,"207.36",1,"low"
17923,"207.50",1,"low"
16752,"207.50",1,"low"
16323,"207.50",1,"low"
16866,"207.74",3,"low"
12547,"207.80",2,"low"
18191,"207.80",1,"low"
16457,"208.36",1,"low"
16914,"208.46",1,"low"
17514,"208.65",1,"low"
15327,"208.75",1,"low"
17855,"208.97",1,"low"
13828,"209.49",1,"low"
13532,"210.31",1,"low"
16415,"210.35",1,"low"
12995,"211.32",1,"low"
15703,"211.50",1,"low"
16356,"211.77",3,"low"
16017,"211.88",1,"low"
17928,"212.54",2,"low"
14984,"213.27",2,"low"
15540,"213.30",1,"low"
16591,"213.50",1,"low"
13411,"213.55",1,"low"
14241,"213.70",1,"low"
17153,"213.78",1,"low"
13621,"213.85",1,"low"
14601,"213.96",1,"low"
16647,"214.06",2,"low"
16846,"214.32",1,"low"
16411,"214.65",2,"low"
16338,"214.80",1,"low"
12588,"214.90",1,"low"
12831,"215.05",1,"low"
16190,"215.08",1,"low"
16519,"215.08",2,"low"
16189,"215.48",2,"low"
14476,"215.70",1,"low"
17580,"215.72",3,"low"
15052,"215.78",1,"low"
16179,"215.83",1,"low"
13858,"216.17",1,"low"
14104,"216.21",2,"low"
17436,"216.30",2,"low"
15604,"216.39",1,"low"
12897,"216.50",2,"low"
15460,"216.76",1,"low"
13503,"216.85",1,"low"
13739,"216.90",1,"low"
16080,"217.16",2,"low"
15554,"217.20",1,"low"
13271,"217.38",1,"low"
16634,"217.90",2,"low"
14570,"218.06",2,"low"
15724,"218.25",2,"low"
12574,"218.45",1,"low"
13428,"218.47",1,"low"
17619,"218.52",1,"low"
13669,"218.55",2,"low"
12702,"219.00",1,"low"
16895,"219.14",1,"low"
15096,"219.39",1,"low"
13600,"219.52",1,"low"
18114,"220.10",1,"low"
13079,"220.10",5,"low"
16482,"220.62",1,"low"
15790,"220.85",1,"low"
13419,"221.06",1,"low"
16392,"221.19",1,"low"
14960,"221.27",2,"low"
14598,"221.97",1,"low"
15897,"222.05",2,"low"
13382,"222.99",1,"low"
15637,"223.36",1,"low"
17534,"223.36",1,"low"
18101,"223.65",2,"low"
13926,"223.85",1,"low"
14929,"223.88",1,"low"
16753,"223.92",1,"low"
16471,"223.95",1,"low"
15175,"224.14",1,"low"
17171,"224.91",1,"low"
16587,"225.15",1,"low"
14052,"225.36",1,"low"
16690,"225.58",2,"low"
12402,"225.60",1,"low"
14357,"225.77",1,"low"
14624,"225.85",2,"low"
12672,"225.90",1,"low"
17789,"225.90",1,"low"
16619,"226.21",1,"low"
16777,"226.35",2,"low"
16315,"226.37",1,"low"
17572,"226.75",4,"low"
17212,"226.85",1,"low"
14569,"227.39",1,"low"
16527,"228.06",1,"low"
17969,"228.20",2,"low"
13070,"228.80",1,"low"
13712,"228.84",1,"low"
13146,"228.91",1,"low"
17347,"228.96",1,"low"
14793,"228.99",1,"low"
15528,"229.33",1,"low"
13008,"229.47",1,"low"
13474,"229.59",1,"low"
12812,"229.64",1,"low"
13960,"230.22",2,"low"
16926,"230.25",1,"low"
13786,"230.40",1,"low"
16445,"230.51",1,"low"
15866,"230.53",1,"low"
18030,"230.65",2,"low"
16641,"231.10",1,"low"
15393,"231.86",2,"low"
16117,"232.21",1,"low"
18213,"232.48",1,"low"
13678,"232.60",1,"low"
16302,"233.22",1,"low"
14995,"233.23",2,"low"
16583,"233.45",1,"low"
13348,"233.76",1,"low"
15483,"233.81",4,"low"
12736,"234.00",1,"low"
16961,"234.17",1,"low"
17060,"234.24",1,"low"
14473,"234.34",2,"low"
15462,"234.60",3,"low"
13187,"236.02",1,"low"
16026,"236.09",1,"low"
12732,"236.26",1,"low"
18110,"236.30",1,"low"
15457,"237.07",1,"low"
14586,"237.36",1,"low"
17877,"237.61",1,"low"
12718,"238.25",1,"low"
12561,"238.85",1,"low"
15850,"238.85",2,"low"
16756,"239.40",1,"low"
17684,"239.41",1,"low"
13570,"239.49",1,"low"
15690,"239.76",2,"low"
17181,"239.92",2,"low"
17256,"240.00",2,"low"
13565,"240.22",2,"low"
15286,"240.55",1,"low"
15598,"240.68",1,"low"
16427,"241.06",2,"low"
14523,"241.09",1,"low"
15776,"241.62",1,"low"
16215,"242.35",1,"low"
14647,"243.22",1,"low"
17908,"243.28",1,"low"
17339,"243.36",2,"low"
15634,"243.55",1,"low"
13886,"243.56",1,"low"
18193,"243.76",1,"low"
16793,"243.84",1,"low"
13103,"243.94",1,"low"
17925,"244.08",1,"low"
17892,"244.10",3,"low"
16528,"244.41",1,"low"
16601,"244.80",1,"low"
15118,"244.80",1,"low"
12660,"245.10",1,"low"
17771,"245.81",2,"low"
16778,"245.94",2,"low"
17278,"246.04",1,"low"
15783,"246.30",1,"low"
17051,"247.14",1,"low"
14658,"247.15",2,"low"
13349,"247.32",1,"low"
18072,"247.44",1,"low"
13592,"247.96",4,"low"
15097,"248.08",1,"low"
16510,"248.10",1,"low"
18212,"248.42",1,"low"
13061,"248.61",1,"low"
17111,"248.61",1,"low"
16124,"249.00",1,"low"
18005,"249.72",2,"low"
17456,"249.86",1,"low"
15510,"250.00",1,"low"
17303,"250.04",1,"low"
16596,"250.15",2,"low"
13207,"250.26",2,"low"
13512,"251.21",1,"low"
14501,"251.21",2,"low"
16024,"251.24",1,"low"
16976,"251.52",1,"low"
17155,"251.70",2,"low"
16836,"251.87",2,"low"
16330,"251.91",3,"low"
13711,"252.06",2,"low"
13645,"252.10",1,"low"
15346,"252.42",1,"low"
13404,"252.49",2,"low"
15035,"252.73",1,"low"
17860,"252.80",1,"low"
15759,"253.04",3,"low"
12797,"254.03",1,"low"
15689,"254.10",2,"low"
14765,"254.11",3,"low"
12604,"254.18",2,"low"
15261,"254.82",1,"low"
16226,"255.12",3,"low"
14881,"255.40",1,"low"
14761,"255.90",2,"low"
15277,"255.90",1,"low"
17896,"256.32",1,"low"
13806,"256.38",1,"low"
12430,"256.40",1,"low"
16048,"256.44",2,"low"
13626,"257.23",1,"low"
18009,"257.34",1,"low"
14375,"257.68",1,"low"
13227,"257.70",1,"low"
13277,"258.40",4,"low"
15577,"258.88",3,"low"
16447,"259.01",1,"low"
13127,"259.17",1,"low"
17125,"259.35",1,"low"
15143,"259.45",1,"low"
15014,"260.17",2,"low"
14053,"260.25",2,"low"
13189,"260.68",2,"low"
17385,"261.11",1,"low"
16413,"262.20",1,"low"
17194,"262.62",2,"low"
16936,"262.68",1,"low"
12492,"263.21",2,"low"
15894,"263.55",2,"low"
14452,"264.44",2,"low"
15912,"264.62",2,"low"
13973,"264.70",1,"low"
14423,"265.20",1,"low"
17430,"265.76",2,"low"
14068,"265.85",1,"low"
15019,"266.00",1,"low"
12962,"266.39",2,"low"
15119,"266.40",1,"low"
14863,"266.76",1,"low"
16451,"266.97",1,"low"
15517,"267.03",1,"low"
17708,"267.08",2,"low"
15320,"267.13",1,"low"
17550,"267.16",3,"low"
15408,"267.18",1,"low"
14727,"268.58",1,"low"
12558,"269.96",1,"low"
13242,"270.40",3,"low"
14520,"270.60",2,"low"
13533,"270.79",3,"low"
15774,"270.80",1,"low"
17011,"270.90",1,"low"
18108,"271.00",1,"low"
17496,"271.05",1,"low"
17767,"271.20",1,"low"
13837,"271.24",2,"low"
13058,"271.40",3,"low"
14816,"271.85",1,"low"
13917,"272.04",2,"low"
14819,"272.07",2,"low"
17498,"272.22",1,"low"
17254,"272.44",2,"low"
16727,"272.82",1,"low"
16313,"274.15",2,"low"
14512,"275.28",2,"low"
12750,"275.88",1,"low"
14508,"276.42",2,"low"
13272,"276.56",2,"low"
16883,"276.73",2,"low"
15355,"277.05",2,"low"
13803,"277.07",1,"low"
17968,"277.35",1,"low"
14908,"277.80",1,"low"
14764,"278.30",1,"low"
17786,"278.74",2,"low"
14480,"279.05",1,"low"
15556,"279.77",1,"low"
14975,"279.94",1,"low"
16149,"280.52",2,"low"
13606,"280.54",3,"low"
14242,"280.55",2,"low"
16848,"281.42",1,"low"
17403,"281.62",1,"low"
16557,"281.85",2,"low"
17247,"282.19",1,"low"
13177,"282.45",1,"low"
13754,"282.60",2,"low"
14350,"282.93",1,"low"
17694,"283.12",1,"low"
18270,"283.15",2,"low"
17251,"283.28",1,"low"
17783,"283.47",2,"low"
12703,"283.55",1,"low"
13439,"283.71",1,"low"
13121,"283.73",1,"low"
18190,"284.46",2,"low"
16429,"284.55",1,"low"
17636,"285.56",1,"low"
14660,"285.74",2,"low"
16555,"285.89",2,"low"
13760,"286.79",2,"low"
16432,"287.40",1,"low"
17760,"287.59",2,"low"
17080,"287.62",2,"low"
17977,"288.14",1,"low"
15396,"288.18",1,"low"
16808,"288.42",2,"low"
17501,"288.60",2,"low"
14549,"289.24",1,"low"
16125,"289.35",1,"low"
14162,"289.36",2,"low"
16897,"289.78",2,"low"
14953,"289.82",1,"low"
17464,"289.96",1,"low"
14784,"289.99",2,"low"
17081,"290.16",2,"low"
16526,"290.36",1,"low"
17691,"290.40",2,"low"
15279,"290.51",1,"low"
16648,"290.66",1,"low"
14947,"290.82",2,"low"
14656,"291.05",2,"low"
13544,"291.41",2,"low"
13449,"291.88",1,"low"
13502,"292.00",3,"low"
13259,"292.32",1,"low"
16721,"292.47",1,"low"
15545,"292.72",2,"low"
12829,"293.00",2,"low"
17163,"293.10",2,"low"
15732,"294.12",2,"low"
13573,"294.40",2,"low"
16998,"295.00",4,"low"
13504,"295.93",1,"low"
13751,"296.25",1,"low"
15154,"296.42",1,"low"
13441,"296.64",1,"low"
17531,"296.70",1,"low"
14985,"296.75",2,"low"
13708,"296.88",1,"low"
15857,"297.00",1,"low"
12881,"298.00",1,"low"
17678,"298.11",1,"low"
17824,"298.40",1,"low"
17255,"298.41",2,"low"
15609,"298.48",1,"low"
17124,"298.89",1,"low"
18215,"299.34",1,"low"
16402,"299.60",2,"low"
18053,"300.02",1,"low"
13745,"300.04",1,"low"
15254,"300.36",1,"low"
13304,"300.42",1,"low"
14762,"300.52",1,"low"
16479,"300.83",2,"low"
16430,"300.85",1,"low"
17978,"300.92",1,"low"
13479,"300.95",2,"low"
15623,"301.03",1,"low"
15148,"301.29",1,"low"
15667,"301.32",1,"low"
16715,"301.72",1,"low"
16297,"301.90",1,"low"
17094,"302.00",1,"low"
15054,"302.10",2,"low"
17506,"302.20",1,"low"
16292,"302.25",1,"low"
16104,"302.36",1,"low"
18165,"302.46",1,"low"
14248,"302.58",1,"low"
16425,"302.70",1,"low"
15060,"303.09",4,"low"
17433,"303.16",1,"low"
13083,"303.75",2,"low"
16400,"303.93",1,"low"
17732,"303.97",1,"low"
18185,"304.25",1,"low"
16217,"304.25",2,"low"
15163,"304.47",2,"low"
17941,"304.56",1,"low"
13667,"305.02",1,"low"
12623,"305.10",1,"low"
18220,"305.28",1,"low"
13045,"305.28",1,"low"
16181,"305.54",1,"low"
16796,"305.62",1,"low"
15219,"305.75",1,"low"
13863,"305.78",1,"low"
17176,"306.13",1,"low"
15659,"306.45",1,"low"
18059,"306.46",3,"low"
13718,"306.55",2,"low"
13762,"306.72",1,"low"
16668,"306.72",6,"low"
17551,"306.84",1,"low"
15087,"306.94",1,"low"
17334,"307.02",2,"low"
13142,"307.09",1,"low"
13932,"307.40",1,"low"
17120,"307.46",1,"low"
14915,"307.48",2,"low"
13060,"307.53",1,"low"
13395,"307.72",1,"low"
13529,"307.76",2,"low"
16123,"307.78",1,"low"
15973,"307.82",1,"low"
13466,"307.90",1,"low"
13369,"308.28",1,"low"
17510,"308.48",1,"low"
13699,"308.58",1,"low"
16956,"308.74",1,"low"
15010,"308.94",1,"low"
13787,"309.04",2,"low"
12884,"309.05",1,"low"
17604,"309.36",2,"low"
14847,"309.40",1,"low"
14339,"309.52",1,"low"
16810,"309.54",1,"low"
15699,"309.65",1,"low"
15661,"309.80",2,"low"
14924,"310.05",1,"low"
14311,"310.26",1,"low"
15308,"310.47",1,"low"
15185,"310.62",1,"low"
17266,"310.64",3,"low"
17912,"311.01",5,"low"
13897,"311.16",1,"low"
16781,"311.25",1,"low"
17854,"311.26",2,"low"
13990,"311.30",1,"low"
12852,"311.55",1,"low"
14327,"311.65",1,"low"
14951,"311.69",1,"low"
15326,"311.71",1,"low"
14142,"311.81",1,"low"
16450,"311.92",1,"low"
12785,"311.95",1,"low"
17070,"312.14",1,"low"
17362,"312.23",2,"low"
12834,"312.38",1,"low"
15318,"312.62",1,"low"
13845,"312.98",1,"low"
14729,"313.49",1,"low"
16582,"313.62",1,"low"
13484,"313.80",1,"low"
15970,"314.10",1,"low"
16227,"314.22",1,"low"
12650,"314.44",1,"low"
16193,"314.45",1,"low"
17237,"314.69",2,"low"
15766,"315.06",1,"low"
16091,"315.06",2,"low"
12614,"315.60",1,"low"
16473,"316.11",3,"low"
14479,"316.25",2,"low"
13494,"316.26",1,"low"
17458,"316.50",1,"low"
15204,"316.58",1,"low"
16761,"316.62",1,"low"
15243,"316.68",1,"low"
15385,"316.88",1,"low"
15257,"317.15",1,"low"
16386,"317.20",2,"low"
15101,"317.53",2,"low"
17267,"317.62",2,"low"
17172,"317.76",1,"low"
18066,"318.00",1,"low"
12648,"318.05",1,"low"
14703,"318.17",1,"low"
17248,"318.65",1,"low"
17229,"318.76",2,"low"
17157,"319.00",2,"low"
16967,"319.02",1,"low"
15107,"319.50",6,"low"
16674,"319.61",2,"low"
13986,"320.46",1,"low"
14622,"320.58",1,"low"
16096,"320.62",1,"low"
18117,"320.72",1,"low"
15236,"321.05",1,"low"
14823,"321.43",3,"low"
14484,"321.92",1,"low"
15224,"322.08",2,"low"
14424,"322.08",1,"low"
16342,"322.41",4,"low"
16627,"322.80",1,"low"
13955,"322.96",2,"low"
16739,"323.00",1,"low"
17793,"323.04",1,"low"
15675,"323.69",3,"low"
14555,"324.14",2,"low"
18261,"324.24",2,"low"
16685,"324.24",2,"low"
15597,"324.57",1,"low"
13801,"324.80",1,"low"
12790,"324.92",1,"low"
15944,"325.10",1,"low"
14850,"325.75",1,"low"
16830,"325.91",1,"low"
12844,"325.96",2,"low"
15363,"326.00",1,"low"
16071,"326.24",1,"low"
14987,"326.40",2,"low"
17715,"326.40",1,"low"
16322,"326.75",2,"low"
14870,"327.25",1,"low"
16366,"327.30",1,"low"
14024,"327.70",2,"low"
15314,"327.97",1,"low"
16318,"328.15",1,"low"
14206,"328.16",1,"low"
14747,"328.20",1,"low"
15213,"328.35",2,"low"
16855,"328.40",2,"low"
14012,"328.80",1,"low"
15153,"329.25",1,"low"
17154,"329.34",1,"low"
13239,"329.56",1,"low"
17615,"329.60",3,"low"
17866,"329.65",1,"low"
14716,"329.68",2,"low"
12953,"329.85",1,"low"
16593,"330.03",3,"low"
15130,"330.11",1,"low"
14517,"330.45",2,"low"
13706,"330.79",1,"low"
15714,"330.88",2,"low"
17862,"330.90",1,"low"
16478,"331.00",3,"low"
12891,"331.00",3,"low"
15210,"331.18",1,"low"
16030,"331.24",1,"low"
16177,"331.95",1,"low"
16803,"332.30",1,"low"
16850,"332.41",1,"low"
13904,"332.64",2,"low"
14902,"332.66",1,"low"
16625,"333.08",1,"low"
13727,"333.48",2,"low"
13216,"333.74",1,"low"
14264,"333.97",2,"low"
15918,"334.23",2,"low"
12350,"334.40",1,"low"
15466,"334.53",1,"low"
14988,"334.54",1,"low"
12489,"334.93",1,"low"
17221,"335.13",2,"low"
16063,"335.32",1,"low"
14196,"335.52",1,"low"
18276,"335.86",1,"low"
15921,"336.03",1,"low"
18078,"336.13",2,"low"
14954,"336.17",1,"low"
15619,"336.40",1,"low"
17384,"336.40",2,"low"
17914,"336.43",1,"low"
16105,"336.96",1,"low"
17973,"337.04",1,"low"
13930,"337.34",2,"low"
15942,"337.44",1,"low"
15652,"337.74",1,"low"
16183,"338.71",1,"low"
17839,"338.80",1,"low"
17697,"338.95",1,"low"
16545,"339.30",1,"low"
17045,"339.44",3,"low"
13737,"339.60",1,"low"
15115,"340.11",1,"low"
12519,"340.84",1,"low"
14491,"340.93",2,"low"
17917,"341.28",3,"low"
13347,"341.36",1,"low"
16826,"341.70",1,"low"
16851,"342.45",3,"low"
17201,"342.63",1,"low"
12875,"343.23",2,"low"
15880,"343.28",1,"low"
18081,"343.45",3,"low"
15520,"343.50",1,"low"
15047,"343.62",1,"low"
13068,"344.00",2,"low"
17569,"344.14",1,"low"
16978,"344.33",1,"low"
14633,"344.90",1,"low"
13774,"345.00",1,"low"
17123,"345.30",1,"low"
15781,"345.46",3,"low"
13091,"345.82",1,"low"
16423,"346.12",1,"low"
13649,"346.60",2,"low"
13062,"346.98",1,"low"
17668,"347.75",2,"low"
13497,"348.05",2,"low"
14379,"348.10",2,"low"
13052,"348.15",1,"low"
16159,"348.20",1,"low"
15579,"348.60",2,"low"
12527,"348.71",3,"low"
18127,"348.73",3,"low"
13790,"348.80",1,"low"
13927,"348.99",1,"low"
15405,"349.10",1,"low"
18250,"349.27",1,"low"
13887,"349.55",1,"low"
13670,"349.70",1,"low"
12532,"349.83",1,"low"
13108,"350.06",1,"low"
17795,"350.39",2,"low"
17835,"350.64",3,"low"
13740,"350.75",1,"low"
13332,"350.90",1,"low"
15900,"351.11",1,"low"
13923,"351.13",1,"low"
15789,"351.30",1,"low"
12566,"351.65",1,"low"
15334,"351.67",3,"low"
18112,"352.69",2,"low"
15678,"352.70",1,"low"
17976,"353.19",1,"low"
14804,"353.27",1,"low"
13343,"353.43",1,"low"
13210,"353.48",1,"low"
13173,"353.65",2,"low"
17252,"353.86",2,"low"
12715,"353.86",1,"low"
12845,"354.09",4,"low"
15870,"354.09",1,"low"
12888,"354.12",2,"low"
17222,"354.15",1,"low"
13642,"354.80",1,"low"
17742,"355.11",2,"low"
12617,"355.53",1,"low"
14537,"355.56",1,"low"
15840,"355.56",2,"low"
15247,"356.00",1,"low"
15713,"356.70",2,"low"
14500,"356.85",3,"low"
13453,"356.98",2,"low"
18040,"357.20",2,"low"
16971,"357.21",1,"low"
17025,"357.77",3,"low"
16274,"357.95",1,"low"
13976,"357.98",1,"low"
13228,"358.00",1,"low"
16823,"358.38",1,"low"
17948,"358.56",1,"low"
15120,"358.82",1,"low"
13298,"360.00",1,"low"
13780,"360.01",2,"low"
16595,"360.16",1,"low"
15872,"360.93",2,"low"
13291,"361.11",1,"low"
16305,"361.22",1,"low"
13844,"361.62",1,"low"
16052,"362.06",1,"low"
16378,"362.95",3,"low"
14427,"363.34",2,"low"
14932,"363.53",1,"low"
16485,"363.65",1,"low"
18056,"363.65",1,"low"
12915,"363.65",2,"low"
16509,"363.70",1,"low"
14171,"363.79",1,"low"
15901,"363.88",3,"low"
17330,"363.90",2,"low"
12538,"363.95",1,"low"
14528,"364.22",1,"low"
15343,"364.50",1,"low"
12373,"364.60",1,"low"
15949,"364.72",2,"low"
14886,"364.80",1,"low"
16202,"365.27",1,"low"
16499,"365.45",2,"low"
17432,"365.76",2,"low"
17358,"365.85",2,"low"
17911,"366.23",1,"low"
16372,"367.93",2,"low"
14888,"369.20",1,"low"
16758,"369.34",1,"low"
15922,"369.50",1,"low"
16343,"370.48",2,"low"
15063,"370.80",1,"low"
15975,"371.01",1,"low"
14950,"371.20",1,"low"
15472,"371.56",1,"low"
18155,"371.62",3,"low"
14690,"371.70",2,"low"
17765,"371.88",3,"low"
13300,"371.89",1,"low"
16065,"372.09",1,"low"
12981,"372.22",2,"low"
12544,"372.70",1,"low"
12895,"372.80",2,"low"
16903,"373.24",1,"low"
16321,"373.65",5,"low"
13569,"373.75",2,"low"
13351,"373.94",1,"low"
12873,"374.00",1,"low"
17492,"374.57",1,"low"
14067,"374.70",2,"low"
16147,"375.00",1,"low"
14079,"375.10",1,"low"
14448,"375.35",2,"low"
16858,"375.69",1,"low"
13936,"376.58",1,"low"
17489,"376.64",2,"low"
15025,"377.01",1,"low"
17736,"377.44",3,"low"
17078,"378.20",2,"low"
13372,"378.64",1,"low"
16909,"379.14",1,"low"
15885,"379.35",3,"low"
17878,"379.45",1,"low"
13589,"379.65",2,"low"
13656,"379.65",2,"low"
16552,"379.73",2,"low"
14594,"379.83",2,"low"
14731,"380.02",3,"low"
17031,"380.35",2,"low"
16769,"380.39",1,"low"
12890,"380.47",1,"low"
17138,"380.50",1,"low"
16930,"380.55",3,"low"
17573,"380.60",3,"low"
12871,"380.64",2,"low"
16441,"381.20",2,"low"
15090,"381.32",1,"low"
17999,"382.06",2,"low"
13657,"382.14",2,"low"
17239,"382.50",1,"low"
18181,"382.80",1,"low"
13817,"382.98",2,"low"
12832,"383.03",2,"low"
15424,"383.34",2,"low"
14304,"383.45",1,"low"
15440,"383.68",3,"low"
12515,"383.70",1,"low"
12733,"383.95",1,"low"
15048,"384.05",4,"low"
16982,"384.06",1,"low"
17205,"384.08",1,"low"
17189,"384.40",2,"low"
17250,"384.52",2,"low"
13833,"384.80",1,"low"
13919,"384.81",2,"low"
17711,"385.10",2,"low"
13821,"385.64",2,"low"
14779,"386.15",3,"low"
15664,"386.43",1,"low"
14114,"386.53",2,"low"
17508,"387.31",1,"low"
14420,"387.52",1,"low"
17817,"387.68",3,"low"
17357,"388.14",2,"low"
14538,"388.25",2,"low"
16776,"388.28",1,"low"
17438,"388.45",1,"low"
13856,"388.50",3,"low"
13899,"388.52",2,"low"
15592,"388.58",1,"low"
17595,"388.79",2,"mid"
12690,"389.01",1,"mid"
15847,"389.27",2,"mid"
16250,"389.44",2,"mid"
13345,"389.50",1,"mid"
13873,"389.60",3,"mid"
14752,"389.64",1,"mid"
18024,"389.78",2,"mid"
17936,"389.84",1,"mid"
17614,"390.07",1,"mid"
12982,"390.54",1,"mid"
16917,"391.52",1,"mid"
15837,"391.98",1,"mid"
14600,"393.33",1,"mid"
17226,"393.49",1,"mid"
15345,"393.54",1,"mid"
15264,"393.74",1,"mid"
15386,"394.14",1,"mid"
16207,"394.38",1,"mid"
14619,"394.44",1,"mid"
17603,"394.72",1,"mid"
16354,"395.80",2,"mid"
18067,"396.33",1,"mid"
15883,"396.48",2,"mid"
17486,"396.87",1,"mid"
13673,"396.92",2,"mid"
13594,"396.97",1,"mid"
12824,"397.12",1,"mid"
17926,"397.29",2,"mid"
15429,"397.35",2,"mid"
13352,"397.98",1,"mid"
12508,"398.27",2,"mid"
17830,"398.70",3,"mid"
15522,"398.84",2,"mid"
18154,"399.19",2,"mid"
13255,"399.51",2,"mid"
18164,"399.65",1,"mid"
17375,"400.10",3,"mid"
12792,"400.54",1,"mid"
16198,"400.68",1,"mid"
16500,"400.86",6,"mid"
15158,"401.40",1,"mid"
12386,"401.90",2,"mid"
15221,"403.25",1,"mid"
17431,"403.30",1,"mid"
12498,"403.70",3,"mid"
16484,"404.30",2,"mid"
16319,"404.40",1,"mid"
15938,"404.58",5,"mid"
17379,"404.66",1,"mid"
12922,"405.38",1,"mid"
18036,"405.62",3,"mid"
16204,"405.71",1,"mid"
14616,"406.08",3,"mid"
15342,"406.09",1,"mid"
16947,"406.48",1,"mid"
15127,"406.53",1,"mid"
15184,"406.76",2,"mid"
16010,"407.50",3,"mid"
17931,"408.36",2,"mid"
16399,"408.57",2,"mid"
15269,"408.80",1,"mid"
16018,"408.90",2,"mid"
16243,"409.10",2,"mid"
15225,"409.40",1,"mid"
12990,"409.50",3,"mid"
14348,"409.57",1,"mid"
14048,"409.93",1,"mid"
15695,"409.98",2,"mid"
15099,"410.48",1,"mid"
15186,"411.41",2,"mid"
14670,"411.53",2,"mid"
17913,"411.60",2,"mid"
16272,"411.70",1,"mid"
15523,"412.01",1,"mid"
13827,"412.05",3,"mid"
14620,"412.78",2,"mid"
16834,"413.46",1,"mid"
13974,"413.59",1,"mid"
17052,"413.75",1,"mid"
17483,"414.04",3,"mid"
16239,"414.20",2,"mid"
12993,"414.76",4,"mid"
16795,"414.88",1,"mid"
14333,"415.20",1,"mid"
15725,"415.25",1,"mid"
12580,"415.70",1,"mid"
12930,"415.80",2,"mid"
15803,"415.82",1,"mid"
14139,"415.82",1,"mid"
13085,"416.08",2,"mid"
16957,"416.64",2,"mid"
15935,"416.86",2,"mid"
13889,"416.90",1,"mid"
16816,"417.06",4,"mid"
13166,"417.20",1,"mid"
18001,"417.23",2,"mid"
12833,"417.38",1,"mid"
16737,"417.60",1,"mid"
13615,"417.69",1,"mid"
16629,"417.73",2,"mid"
17701,"417.95",1,"mid"
12593,"418.10",3,"mid"
15967,"418.83",2,"mid"
15361,"418.92",1,"mid"
14124,"419.58",1,"mid"
15206,"420.30",4,"mid"
14757,"420.50",1,"mid"
17232,"421.52",2,"mid"
18240,"422.58",1,"mid"
16689,"422.60",2,"mid"
13473,"422.64",2,"mid"
17525,"422.70",1,"mid"
18034,"422.88",2,"mid"
15012,"423.04",2,"mid"
16119,"423.36",2,"mid"
13140,"423.72",3,"mid"
17371,"423.89",3,"mid"
17134,"425.00",2,"mid"
16780,"425.19",2,"mid"
15639,"425.32",1,"mid"
14288,"426.60",1,"mid"
15930,"426.63",1,"mid"
17223,"426.79",2,"mid"
15994,"427.07",1,"mid"
12802,"427.58",1,"mid"
12740,"427.60",1,"mid"
12403,"427.70",1,"mid"
12725,"427.80",1,"mid"
15360,"427.93",1,"mid"
17869,"428.18",5,"mid"
16324,"428.68",3,"mid"
13602,"428.89",1,"mid"
15957,"428.89",1,"mid"
15230,"429.60",2,"mid"
16884,"429.84",2,"mid"
15450,"429.84",1,"mid"
14998,"429.87",2,"mid"
12827,"430.15",3,"mid"
12795,"430.48",1,"mid"
13245,"430.50",1,"mid"
12452,"430.57",2,"mid"
18106,"430.70",1,"mid"
15976,"430.94",2,"mid"
16881,"432.00",1,"mid"
16236,"432.20",1,"mid"
14157,"432.88",2,"mid"
17035,"433.53",2,"mid"
12493,"433.74",2,"mid"
14460,"434.34",3,"mid"
14910,"434.35",4,"mid"
16948,"435.02",3,"mid"
15551,"436.06",1,"mid"
16084,"436.18",1,"mid"
15553,"437.23",1,"mid"
12592,"437.60",2,"mid"
16034,"437.70",3,"mid"
12552,"437.82",2,"mid"
14272,"437.96",2,"mid"
13358,"439.03",1,"mid"
16968,"439.43",2,"mid"
13359,"439.56",1,"mid"
16025,"439.66",1,"mid"
13954,"439.92",2,"mid"
14022,"440.00",1,"mid"
18233,"440.00",1,"mid"
15524,"440.00",1,"mid"
12579,"440.42",1,"mid"
14093,"442.85",1,"mid"
18222,"443.00",1,"mid"
16404,"443.05",1,"mid"
14638,"443.60",1,"mid"
18006,"444.68",1,"mid"
17190,"444.74",2,"mid"
17370,"446.18",4,"mid"
14149,"446.62",1,"mid"
15889,"446.87",2,"mid"
15368,"446.94",1,"mid"
15456,"447.22",3,"mid"
15646,"447.64",3,"mid"
14780,"447.68",2,"mid"
17579,"448.90",3,"mid"
15739,"449.12",1,"mid"
12448,"449.45",1,"mid"
13489,"449.52",4,"mid"
17040,"449.73",1,"mid"
14173,"450.84",4,"mid"
15802,"451.42",1,"mid"
16574,"451.44",1,"mid"
12970,"452.24",4,"mid"
12591,"452.85",1,"mid"
14184,"452.89",1,"mid"
18071,"453.00",2,"mid"
12729,"453.01",1,"mid"
18158,"453.40",2,"mid"
17564,"454.01",3,"mid"
15475,"454.11",1,"mid"
13485,"454.24",1,"mid"
16529,"455.25",1,"mid"
15585,"455.30",1,"mid"
14513,"455.59",3,"mid"
12999,"455.88",3,"mid"
12564,"456.90",1,"mid"
13398,"457.34",1,"mid"
12375,"457.50",2,"mid"
15121,"457.72",2,"mid"
15092,"457.81",2,"mid"
17392,"457.91",2,"mid"
13506,"458.52",2,"mid"
15754,"458.57",3,"mid"
17880,"458.92",1,"mid"
16589,"459.24",3,"mid"
12355,"459.40",1,"mid"
12491,"460.40",1,"mid"
16805,"460.59",2,"mid"
16824,"460.64",2,"mid"
12391,"460.89",1,"mid"
14470,"461.19",2,"mid"
14331,"462.66",2,"mid"
12945,"462.95",1,"mid"
14489,"463.38",1,"mid"
17418,"463.46",2,"mid"
12787,"463.66",3,"mid"
14967,"463.80",1,"mid"
16586,"463.95",1,"mid"
13928,"464.57",4,"mid"
16742,"464.90",1,"mid"
17140,"465.32",1,"mid"
15036,"465.55",3,"mid"
13248,"465.68",2,"mid"
14205,"466.70",2,"mid"
13579,"467.04",2,"mid"
15468,"467.51",2,"mid"
14029,"467.66",2,"mid"
14335,"468.26",2,"mid"
13171,"468.41",3,"mid"
14896,"468.77",2,"mid"
15026,"469.00",3,"mid"
15471,"469.48",1,"mid"
14431,"470.36",1,"mid"
15963,"470.76",2,"mid"
13066,"470.80",2,"mid"
16885,"471.51",3,"mid"
17964,"471.70",2,"mid"
16038,"471.78",3,"mid"
14013,"473.02",3,"mid"
16374,"473.03",2,"mid"
15557,"473.65",1,"mid"
15349,"473.81",2,"mid"
15780,"475.28",3,"mid"
14497,"475.37",1,"mid"
14853,"475.80",2,"mid"
18176,"476.35",1,"mid"
12447,"476.49",1,"mid"
14320,"477.79",2,"mid"
13092,"477.83",5,"mid"
12644,"477.91",1,"mid"
16768,"478.09",3,"mid"
15589,"478.53",3,"mid"
16008,"478.78",3,"mid"
16812,"479.35",1,"mid"
15091,"480.71",1,"mid"
18216,"481.75",1,"mid"
16693,"482.01",2,"mid"
12504,"482.05",2,"mid"
17950,"482.20",3,"mid"
16603,"482.47",2,"mid"
14450,"483.25",3,"mid"
17555,"483.26",2,"mid"
14147,"483.40",2,"mid"
12808,"483.65",3,"mid"
13531,"483.80",2,"mid"
14130,"483.86",1,"mid"
16518,"484.32",2,"mid"
16504,"484.38",1,"mid"
16999,"484.82",2,"mid"
15109,"484.95",1,"mid"
12639,"486.10",1,"mid"
13153,"486.22",1,"mid"
15287,"486.69",2,"mid"
17453,"486.72",2,"mid"
13675,"486.82",2,"mid"
13338,"487.02",1,"mid"
16643,"487.51",1,"mid"
15165,"487.75",1,"mid"
14396,"487.99",2,"mid"
17361,"488.20",3,"mid"
12809,"489.31",1,"mid"
18074,"489.60",1,"mid"
14416,"490.22",2,"mid"
15000,"490.52",1,"mid"
14236,"490.86",2,"mid"
13732,"491.86",1,"mid"
15507,"492.36",1,"mid"
14270,"492.65",1,"mid"
13176,"492.84",1,"mid"
15877,"493.28",2,"mid"
12763,"494.08",2,"mid"
17333,"494.25",1,"mid"
16352,"494.44",2,"mid"
15448,"494.64",1,"mid"
17374,"495.77",2,"mid"
15018,"496.21",3,"mid"
15300,"496.44",1,"mid"
16368,"497.43",2,"mid"
17495,"497.56",2,"mid"
16820,"497.61",1,"mid"
17298,"498.42",2,"mid"
17053,"498.48",1,"mid"
15142,"498.74",1,"mid"
16488,"498.80",3,"mid"
14681,"498.95",3,"mid"
15193,"499.32",1,"mid"
14077,"499.42",5,"mid"
14958,"499.68",3,"mid"
15389,"500.00",1,"mid"
16616,"500.42",2,"mid"
13247,"501.12",4,"mid"
13116,"501.14",1,"mid"
15881,"501.39",5,"mid"
13865,"501.56",4,"mid"
15006,"502.09",1,"mid"
16863,"502.80",2,"mid"
17630,"503.60",2,"mid"
12991,"503.76",2,"mid"
15081,"504.80",5,"mid"
14014,"505.18",1,"mid"
16614,"506.19",1,"mid"
13885,"506.80",2,"mid"
16960,"507.05",3,"mid"
15721,"507.08",1,"mid"
14820,"507.29",4,"mid"
14158,"507.66",1,"mid"
17415,"507.84",1,"mid"
17958,"508.46",1,"mid"
14317,"508.58",1,"mid"
15417,"508.80",1,"mid"
17391,"508.80",2,"mid"
16898,"508.81",3,"mid"
12436,"509.01",1,"mid"
12904,"509.58",2,"mid"
15406,"510.71",2,"mid"
16561,"511.12",2,"mid"
14851,"511.35",2,"mid"
12582,"511.36",2,"mid"
17480,"511.82",1,"mid"
17805,"512.31",1,"mid"
17513,"513.20",1,"mid"
13005,"513.70",2,"mid"
15246,"514.15",2,"mid"
12811,"514.85",3,"mid"
15809,"515.77",5,"mid"
15882,"516.36",4,"mid"
13043,"516.42",1,"mid"
18205,"517.36",2,"mid"
17454,"517.53",4,"mid"
16135,"517.55",1,"mid"
15030,"518.28",2,"mid"
16650,"518.42",1,"mid"
16955,"518.67",4,"mid"
13643,"519.44",3,"mid"
12571,"519.61",2,"mid"
14873,"519.68",1,"mid"
15149,"520.80",1,"mid"
12863,"521.20",1,"mid"
14871,"522.38",4,"mid"
17712,"522.91",1,"mid"
18017,"523.00",3,"mid"
17329,"523.11",2,"mid"
13721,"524.14",1,"mid"
15891,"524.52",1,"mid"
15467,"524.88",3,"mid"
17429,"524.92",3,"mid"
17290,"525.24",2,"mid"
16892,"525.54",5,"mid"
18252,"526.67",2,"mid"
17623,"527.05",1,"mid"
12479,"527.20",1,"mid"
16602,"528.08",1,"mid"
17631,"528.33",3,"mid"
16185,"529.41",2,"mid"
14463,"529.62",3,"mid"
14002,"529.73",2,"mid"
18159,"530.15",1,"mid"
14265,"530.18",2,"mid"
16706,"531.35",3,"mid"
15825,"532.94",1,"mid"
15756,"532.96",4,"mid"
15433,"533.30",2,"mid"
13217,"533.98",3,"mid"
17443,"534.24",1,"mid"
13434,"534.24",2,"mid"
13385,"534.57",1,"mid"
13000,"534.85",3,"mid"
12988,"535.32",1,"mid"
16142,"535.34",1,"mid"
15535,"536.40",4,"mid"
16233,"536.68",3,"mid"
16804,"536.99",3,"mid"
15043,"537.00",1,"mid"
16206,"537.06",4,"mid"
14539,"537.48",2,"mid"
17345,"537.74",4,"mid"
17062,"538.37",4,"mid"
15539,"538.46",1,"mid"
15469,"538.55",2,"mid"
15452,"538.73",3,"mid"
14496,"538.81",2,"mid"
13812,"539.00",3,"mid"
13874,"540.45",1,"mid"
17557,"541.46",3,"mid"
17447,"541.53",2,"mid"
16230,"542.03",2,"mid"
13278,"542.73",1,"mid"
16927,"543.05",3,"mid"
13390,"544.08",1,"mid"
13617,"544.18",3,"mid"
16475,"544.30",4,"mid"
12793,"545.48",2,"mid"
17806,"546.04",1,"mid"
14997,"546.20",3,"mid"
12743,"546.43",2,"mid"
17520,"546.81",1,"mid"
16211,"547.02",1,"mid"
17637,"547.06",2,"mid"
16811,"547.07",2,"mid"
14474,"547.66",1,"mid"
16031,"548.94",2,"mid"
16536,"548.97",1,"mid"
16340,"549.07",1,"mid"
12390,"549.84",1,"mid"
17235,"550.06",2,"mid"
17291,"550.80",1,"mid"
17674,"551.04",2,"mid"
12363,"552.00",2,"mid"
15068,"553.36",2,"mid"
14618,"553.44",3,"mid"
14891,"554.38",2,"mid"
14805,"554.65",4,"mid"
16385,"555.89",3,"mid"
17295,"556.95",3,"mid"
17955,"557.30",4,"mid"
13260,"557.62",1,"mid"
13800,"558.32",1,"mid"
12987,"558.70",2,"mid"
17503,"558.96",2,"mid"
12866,"559.12",1,"mid"
14177,"559.41",4,"mid"
18043,"559.51",3,"mid"
16275,"559.87",1,"mid"
14273,"559.97",4,"mid"
13044,"560.47",1,"mid"
15655,"560.67",1,"mid"
13946,"561.57",3,"mid"
12559,"561.71",2,"mid"
12414,"562.41",3,"mid"
17265,"562.90",2,"mid"
14753,"563.15",1,"mid"
16933,"563.23",2,"mid"
15344,"563.94",3,"mid"
13894,"564.62",3,"mid"
16278,"566.38",1,"mid"
18150,"566.58",3,"mid"
17897,"566.60",3,"mid"
13321,"567.36",2,"mid"
13939,"568.55",3,"mid"
16667,"570.13",2,"mid"
14592,"570.46",3,"mid"
15315,"570.50",2,"mid"
15821,"570.96",2,"mid"
17616,"571.20",3,"mid"
13816,"571.67",2,"mid"
12816,"572.20",2,"mid"
13405,"572.45",3,"mid"
13379,"572.56",3,"mid"
15415,"572.81",1,"mid"
12879,"573.22",3,"mid"
15303,"574.02",1,"mid"
15339,"574.07",2,"mid"
12784,"574.42",2,"mid"
14400,"574.70",1,"mid"
14167,"574.84",4,"mid"
13487,"575.40",3,"mid"
16345,"575.41",1,"mid"
15550,"575.63",4,"mid"
15830,"576.00",1,"mid"
16916,"576.26",2,"mid"
14176,"576.90",4,"mid"
12601,"577.06",5,"mid"
17540,"578.90",2,"mid"
13292,"578.94",2,"mid"
17142,"579.00",1,"mid"
16906,"579.77",4,"mid"
18095,"580.05",2,"mid"
12695,"582.10",4,"mid"
17970,"582.59",1,"mid"
13427,"582.60",3,"mid"
12426,"582.73",1,"mid"
15762,"583.75",2,"mid"
13557,"584.06",2,"mid"
14023,"584.07",2,"mid"
16072,"584.32",1,"mid"
16384,"584.50",2,"mid"
15222,"585.00",1,"mid"
12384,"585.27",2,"mid"
17360,"585.79",3,"mid"
17014,"586.33",3,"mid"
17351,"587.15",3,"mid"
15624,"588.13",4,"mid"
14338,"588.22",2,"mid"
16838,"588.85",2,"mid"
16723,"589.15",2,"mid"
18123,"589.44",2,"mid"
14882,"589.70",2,"mid"
13270,"590.00",1,"mid"
13452,"590.00",2,"mid"
13276,"590.93",2,"mid"
14692,"591.55",4,"mid"
16203,"592.90",4,"mid"
18232,"592.97",4,"mid"
16535,"593.75",1,"mid"
12917,"594.00",1,"mid"
15442,"594.00",1,"mid"
16325,"594.24",3,"mid"
14284,"595.25",2,"mid"
17658,"595.42",2,"mid"
18246,"596.10",2,"mid"
15381,"596.85",2,"mid"
14645,"597.09",2,"mid"
16788,"597.48",2,"mid"
17864,"597.50",3,"mid"
14108,"597.91",2,"mid"
16298,"598.20",3,"mid"
13959,"598.20",3,"mid"
13311,"598.57",2,"mid"
15720,"598.73",1,"mid"
14467,"598.76",4,"mid"
17420,"598.83",3,"mid"
14965,"599.00",2,"mid"
12521,"599.68",1,"mid"
12872,"599.97",2,"mid"
13243,"600.07",1,"mid"
18211,"600.07",5,"mid"
12420,"600.39",1,"mid"
16654,"601.27",4,"mid"
14609,"601.56",4,"mid"
12654,"601.98",5,"mid"
17890,"602.09",2,"mid"
15366,"602.51",2,"mid"
17259,"603.37",2,"mid"
12707,"603.42",1,"mid"
12556,"603.71",2,"mid"
16732,"603.75",1,"mid"
12944,"604.51",2,"mid"
17664,"604.64",2,"mid"
14675,"604.75",1,"mid"
14323,"605.06",2,"mid"
13558,"605.06",4,"mid"
13233,"605.12",2,"mid"
17507,"605.58",2,"mid"
13888,"605.63",2,"mid"
14133,"605.64",3,"mid"
17849,"605.80",4,"mid"
14710,"606.13",4,"mid"
17119,"606.91",2,"mid"
15573,"607.45",2,"mid"
12933,"607.53",3,"mid"
13933,"608.79",2,"mid"
14636,"609.85",2,"mid"
13357,"609.95",1,"mid"
15795,"610.01",1,"mid"
12673,"610.52",2,"mid"
13731,"610.59",2,"mid"
16763,"611.85",1,"mid"
16109,"611.88",2,"mid"
15645,"612.01",1,"mid"
15232,"612.06",2,"mid"
18149,"612.08",3,"mid"
12513,"612.29",1,"mid"
16116,"612.78",1,"mid"
16566,"614.66",5,"mid"
15275,"615.14",1,"mid"
16005,"615.39",4,"mid"
14905,"616.15",2,"mid"
16311,"616.26",2,"mid"
16442,"616.79",3,"mid"
14377,"617.05",2,"mid"
14593,"617.99",3,"mid"
13301,"618.09",4,"mid"
16134,"618.09",2,"mid"
12596,"618.27",2,"mid"
13145,"618.52",4,"mid"
16613,"618.59",1,"mid"
13493,"618.63",2,"mid"
14529,"620.04",3,"mid"
12667,"620.13",1,"mid"
16141,"620.40",1,"mid"
13402,"621.23",2,"mid"
14152,"621.29",2,"mid"
17640,"621.66",1,"mid"
16915,"621.68",6,"mid"
18217,"621.75",2,"mid"
15768,"621.83",3,"mid"
17460,"622.43",6,"mid"
15182,"622.85",2,"mid"
17499,"622.88",1,"mid"
15258,"623.16",2,"mid"
13368,"623.40",2,"mid"
15147,"623.50",1,"mid"
12649,"623.51",3,"mid"
16718,"623.75",1,"mid"
16750,"623.93",5,"mid"
14382,"626.07",1,"mid"
13914,"626.45",2,"mid"
14036,"626.65",1,"mid"
15402,"626.77",2,"mid"
13546,"626.99",3,"mid"
15028,"627.13",4,"mid"
16022,"628.28",1,"mid"
14687,"628.38",1,"mid"
13525,"628.78",2,"mid"
13046,"629.31",2,"mid"
17990,"630.84",3,"mid"
13539,"631.34",3,"mid"
15244,"631.57",2,"mid"
14021,"631.90",3,"mid"
13822,"632.00",2,"mid"
18183,"632.07",2,"mid"
16306,"632.27",6,"mid"
14220,"632.40",2,"mid"
13892,"632.97",4,"mid"
17985,"634.95",1,"mid"
16139,"635.41",3,"mid"
14000,"635.66",1,"mid"
15773,"635.68",1,"mid"
15829,"636.14",2,"mid"
14481,"636.51",2,"mid"
14128,"637.50",2,"mid"
14664,"637.89",2,"mid"
14754,"638.05",2,"mid"
18160,"638.06",2,"mid"
17515,"639.02",4,"mid"
15919,"639.89",2,"mid"
14301,"640.14",1,"mid"
12631,"640.50",1,"mid"
13318,"640.76",3,"mid"
13417,"640.83",2,"mid"
12624,"641.13",2,"mid"
12365,"641.38",2,"mid"
15297,"641.94",3,"mid"
17046,"642.02",1,"mid"
15384,"642.41",2,"mid"
13034,"642.77",2,"mid"
14020,"642.80",2,"mid"
16431,"642.81",3,"mid"
17312,"644.30",3,"mid"
12719,"644.95",2,"mid"
14855,"645.65",2,"mid"
17545,"645.96",3,"mid"
15651,"646.30",3,"mid"
12589,"646.68",2,"mid"
17373,"646.92",4,"mid"
16969,"650.41",3,"mid"
15571,"650.43",4,"mid"
16469,"650.43",4,"mid"
16734,"650.51",3,"mid"
14034,"651.82",3,"mid"
17523,"652.74",4,"mid"
14548,"652.80",2,"mid"
14044,"652.82",4,"mid"
15205,"653.24",2,"mid"
13496,"653.33",2,"mid"
18151,"653.35",2,"mid"
17398,"653.38",3,"mid"
14651,"654.60",2,"mid"
16444,"654.67",4,"mid"
14894,"655.75",1,"mid"
16127,"656.25",1,"mid"
16708,"656.63",1,"mid"
13049,"656.68",2,"mid"
16157,"656.69",3,"mid"
15677,"657.23",1,"mid"
17459,"657.30",2,"mid"
15648,"657.35",2,"mid"
12577,"657.80",3,"mid"
14818,"657.80",3,"mid"
16696,"657.90",4,"mid"
17779,"658.57",3,"mid"
14150,"658.64",2,"mid"
16357,"658.88",3,"mid"
13759,"659.41",2,"mid"
13518,"659.44",1,"mid"
15492,"659.46",2,"mid"
14603,"660.00",1,"mid"
13028,"661.32",2,"mid"
16774,"661.52",4,"mid"
18218,"662.08",2,"mid"
16014,"662.38",3,"mid"
14451,"662.59",2,"mid"
16573,"663.61",2,"mid"
13240,"663.65",4,"mid"
14720,"663.81",3,"mid"
15643,"664.00",3,"mid"
16208,"664.26",2,"mid"
13963,"664.54",4,"mid"
16056,"664.85",1,"mid"
17105,"665.78",2,"mid"
17777,"665.86",3,"mid"
15969,"666.10",3,"mid"
16268,"667.65",2,"mid"
18022,"668.11",1,"mid"
15031,"668.14",4,"mid"
16383,"668.36",2,"mid"
13741,"668.43",3,"mid"
14342,"668.56",4,"mid"
12418,"668.58",1,"mid"
17299,"669.11",4,"mid"
12638,"671.69",1,"mid"
17883,"671.77",4,"mid"
14628,"671.96",2,"mid"
18121,"673.10",2,"mid"
14504,"673.26",4,"mid"
13951,"674.45",3,"mid"
17749,"674.52",2,"mid"
13464,"674.68",1,"mid"
13355,"674.70",1,"mid"
16418,"675.27",3,"mid"
13325,"675.30",1,"mid"
17462,"675.69",2,"mid"
15626,"675.80",2,"mid"
16377,"676.20",1,"mid"
13040,"676.99",2,"mid"
13388,"677.10",2,"mid"
13607,"678.01",1,"mid"
13925,"678.25",4,"mid"
17994,"678.49",4,"mid"
14788,"679.44",2,"mid"
13430,"679.45",2,"mid"
15322,"679.68",1,"mid"
16872,"680.02",3,"mid"
13524,"680.18",5,"mid"
12478,"680.99",1,"mid"
18135,"681.91",5,"mid"
13548,"682.41",2,"mid"
15582,"682.91",3,"mid"
12838,"683.13",2,"mid"
14222,"683.17",1,"mid"
17874,"683.46",6,"mid"
12942,"683.90",3,"mid"
15669,"684.34",4,"mid"
16495,"684.41",3,"mid"
16122,"684.42",4,"mid"
12658,"686.05",1,"mid"
16642,"688.33",2,"mid"
13799,"688.86",2,"mid"
17502,"689.10",4,"mid"
18196,"689.13",2,"mid"
15181,"689.48",3,"mid"
13023,"689.90",2,"mid"
18085,"689.95",2,"mid"
16212,"690.34",2,"mid"
13838,"691.73",4,"mid"
17733,"692.19",2,"mid"
17198,"692.22",3,"mid"
14111,"692.85",4,"mid"
13601,"693.32",2,"mid"
12410,"693.33",2,"mid"
14643,"693.81",2,"mid"
12925,"694.05",2,"mid"
15304,"694.40",8,"mid"
14959,"695.42",4,"mid"
14009,"695.61",2,"mid"
17397,"696.41",2,"mid"
15700,"696.68",2,"mid"
13596,"697.04",2,"mid"
14829,"697.55",4,"mid"
15053,"697.79",3,"mid"
17796,"697.90",4,"mid"
17423,"698.41",2,"mid"
13258,"698.58",3,"mid"
15800,"699.08",2,"mid"
17734,"700.63",3,"mid"
13238,"700.73",4,"mid"
17321,"700.86",2,"mid"
14356,"701.23",2,"mid"
14198,"701.40",4,"mid"
16997,"702.00",3,"mid"
15574,"702.25",4,"mid"
15103,"703.36",2,"mid"
18082,"703.37",1,"mid"
12883,"703.47",4,"mid"
12612,"704.04",1,"mid"
17934,"704.25",2,"mid"
16882,"705.12",3,"mid"
16015,"705.39",3,"mid"
15038,"705.49",6,"mid"
14126,"706.13",3,"mid"
14880,"706.19",3,"mid"
16309,"706.57",2,"mid"
16364,"707.04",2,"mid"
12453,"707.09",1,"mid"
16449,"707.69",2,"mid"
15951,"708.22",2,"mid"
16136,"709.38",3,"mid"
14127,"709.71",3,"mid"
14867,"710.28",3,"mid"
17472,"710.29",3,"mid"
13249,"711.41",3,"mid"
17179,"711.79",3,"mid"
13705,"711.86",3,"mid"
15855,"712.24",5,"mid"
17642,"712.29",2,"mid"
13587,"712.40",1,"mid"
13416,"712.50",2,"mid"
17761,"712.78",1,"mid"
13147,"712.80",4,"mid"
13169,"712.88",2,"mid"
12616,"713.30",2,"mid"
15757,"714.42",2,"mid"
15330,"714.96",2,"mid"
17029,"716.00",2,"mid"
15400,"716.20",5,"mid"
12535,"716.35",2,"mid"
15274,"716.57",2,"mid"
17884,"717.45",4,"mid"
14725,"718.08",1,"mid"
14179,"719.78",2,"mid"
16023,"719.81",3,"mid"
18062,"720.52",3,"mid"
15272,"721.94",2,"mid"
17521,"723.21",3,"mid"
12475,"723.38",1,"mid"
15636,"724.76",2,"mid"
12723,"725.07",5,"mid"
15584,"725.11",4,"mid"
16140,"725.18",2,"mid"
14055,"725.64",1,"mid"
14869,"725.70",2,"mid"
17888,"726.05",8,"mid"
17666,"728.16",2,"mid"
13077,"729.27",4,"mid"
12468,"729.54",2,"mid"
18035,"730.40",3,"mid"
14778,"730.86",2,"mid"
16491,"731.50",1,"mid"
13736,"731.90",2,"mid"
16099,"731.90",3,"mid"
13575,"732.07",5,"mid"
17812,"732.16",4,"mid"
16146,"734.13",3,"mid"
16362,"734.77",5,"mid"
18156,"734.94",2,"mid"
15215,"734.94",3,"mid"
15045,"735.66",2,"mid"
12976,"738.60",1,"mid"
14756,"738.96",1,"mid"
12603,"739.20",1,"mid"
15252,"740.78",2,"mid"
17974,"740.79",3,"mid"
17692,"740.94",4,"mid"
13900,"740.95",3,"mid"
13753,"741.26",1,"mid"
12465,"742.19",2,"mid"
12374,"742.93",1,"mid"
16730,"743.11",3,"mid"
13354,"743.53",1,"mid"
13236,"744.85",2,"mid"
14790,"745.06",4,"mid"
13950,"745.06",4,"mid"
17034,"745.52",3,"mid"
14050,"746.36",2,"mid"
16261,"746.83",4,"mid"
14201,"747.44",7,"mid"
13623,"747.78",5,"mid"
16859,"747.81",2,"mid"
15656,"748.50",4,"mid"
15074,"748.87",1,"mid"
14923,"749.10",1,"mid"
17146,"749.78",3,"mid"
12908,"750.00",2,"mid"
16256,"752.43",1,"mid"
13730,"752.60",2,"mid"
18104,"754.64",1,"mid"
13370,"754.87",1,"mid"
15223,"755.75",2,"mid"
17461,"757.46",3,"mid"
17979,"757.71",4,"mid"
12413,"758.10",3,"mid"
15568,"758.29",3,"mid"
16036,"758.92",2,"mid"
17425,"759.17",2,"mid"
16205,"761.38",4,"mid"
14883,"761.59",6,"mid"
15599,"761.74",2,"mid"
16470,"762.39",4,"mid"
17466,"763.28",2,"mid"
17268,"763.64",4,"mid"
14885,"765.32",1,"mid"
17695,"765.34",2,"mid"
14672,"765.55",2,"mid"
14550,"765.62",2,"mid"
17516,"768.08",5,"mid"
13356,"768.24",1,"mid"
16480,"769.29",1,"mid"
14412,"770.03",2,"mid"
16770,"770.10",5,"mid"
14662,"771.17",4,"mid"
17409,"771.85",2,"mid"
12965,"771.91",1,"mid"
15075,"773.03",1,"mid"
16043,"773.99",4,"mid"
15414,"774.90",3,"mid"
16825,"775.18",2,"mid"
14234,"775.46",4,"mid"
13341,"775.85",1,"mid"
13314,"775.94",3,"mid"
15618,"776.85",4,"mid"
15353,"777.02",2,"mid"
12425,"777.20",1,"mid"
13563,"777.53",2,"mid"
16505,"777.60",1,"mid"
17414,"778.00",2,"mid"
14815,"778.50",2,"mid"
13375,"778.65",1,"mid"
17411,"778.94",3,"mid"
12735,"779.57",2,"mid"
18228,"779.90",2,"mid"
17797,"780.43",3,"mid"
15239,"780.59",2,"mid"
16725,"781.02",7,"mid"
13583,"781.03",1,"mid"
15679,"781.28",4,"mid"
17341,"781.36",3,"mid"
17006,"781.78",4,"mid"
16054,"783.90",1,"mid"
17387,"784.11",2,"mid"
18136,"784.33",3,"mid"
15743,"784.46",4,"mid"
15806,"784.58",3,"mid"
12628,"786.46",3,"mid"
13109,"786.54",2,"mid"
16546,"787.15",2,"mid"
13884,"787.60",5,"mid"
13323,"787.85",5,"mid"
13212,"788.08",3,"mid"
14557,"788.38",1,"mid"
13329,"789.00",2,"mid"
16759,"789.79",3,"mid"
13016,"789.89",3,"mid"
14976,"790.86",7,"mid"
13167,"791.33",4,"mid"
15990,"792.11",2,"mid"
13336,"795.12",1,"mid"
17180,"796.03",4,"mid"
12701,"797.71",2,"mid"
13389,"797.96",3,"mid"
16438,"798.35",5,"mid"
17703,"798.74",3,"mid"
13030,"799.48",2,"mid"
13720,"799.90",4,"mid"
17905,"800.24",4,"mid"
15561,"800.59",4,"mid"
16806,"801.49",4,"mid"
18265,"801.51",2,"mid"
15831,"801.76",3,"mid"
12422,"803.56",3,"mid"
18248,"804.02",2,"mid"
16367,"804.49",2,"mid"
12434,"806.14",2,"mid"
13707,"806.41",2,"mid"
15952,"806.57",4,"mid"
12421,"807.04",4,"mid"
15533,"807.57",3,"mid"
17114,"808.62",8,"mid"
16891,"809.70",5,"mid"
13637,"810.50",3,"mid"
16624,"810.57",2,"mid"
16276,"810.60",1,"mid"
17980,"811.45",3,"mid"
15644,"813.00",4,"mid"
14421,"813.11",2,"mid"
16621,"813.48",4,"mid"
16600,"813.52",6,"mid"
18064,"814.00",2,"mid"
13811,"814.50",3,"mid"
16460,"814.72",3,"mid"
13280,"814.86",3,"mid"
14499,"815.32",3,"mid"
15399,"815.77",3,"mid"
15649,"816.00",2,"mid"
16943,"816.73",3,"mid"
16092,"817.86",3,"mid"
17764,"818.82",2,"mid"
13220,"819.29",4,"mid"
13893,"821.10",1,"mid"
12778,"822.23",6,"mid"
16164,"822.48",3,"mid"
16284,"823.97",2,"mid"
16869,"825.42",4,"mid"
12427,"825.80",3,"mid"
15525,"825.92",3,"mid"
17921,"826.52",4,"mid"
16494,"826.53",1,"mid"
12781,"826.74",2,"mid"
12461,"826.88",2,"mid"
13681,"827.83",4,"mid"
14644,"830.76",2,"mid"
15862,"832.88",4,"mid"
16644,"833.78",2,"mid"
17075,"834.12",4,"mid"
13835,"834.57",4,"mid"
17759,"834.99",3,"mid"
17169,"835.78",2,"mid"
16747,"836.06",2,"mid"
12728,"836.33",4,"mid"
15832,"836.79",1,"mid"
16554,"837.10",3,"mid"
17115,"837.50",3,"mid"
13940,"839.14",4,"mid"
17076,"841.08",3,"mid"
14862,"841.20",2,"mid"
16560,"841.41",2,"mid"
16108,"842.50",1,"mid"
13929,"842.65",2,"mid"
17929,"843.00",4,"mid"
15164,"843.05",3,"mid"
17624,"843.48",2,"mid"
14803,"845.55",3,"mid"
15965,"845.64",4,"mid"
16222,"846.72",1,"mid"
16924,"846.75",3,"mid"
13221,"847.41",2,"mid"
14657,"848.22",4,"mid"
12713,"848.55",1,"mid"
16020,"851.01",3,"mid"
16070,"852.15",2,"mid"
12379,"852.24",2,"mid"
14193,"853.39",2,"mid"
16877,"853.72",6,"mid"
17560,"854.95",5,"mid"
12878,"854.99",2,"mid"
16037,"855.02",3,"mid"
12693,"855.91",4,"mid"
13991,"855.97",6,"mid"
16163,"856.60",2,"mid"
14553,"859.27",5,"mid"
17064,"859.35",3,"mid"
14577,"859.71",4,"mid"
13339,"860.12",1,"mid"
12794,"860.41",2,"mid"
16266,"861.89",7,"mid"
12680,"862.81",4,"mid"
16221,"864.86",3,"mid"
13846,"865.06",3,"mid"
16567,"865.60",2,"mid"
14332,"866.31",3,"mid"
16121,"867.11",2,"mid"
16235,"867.31",5,"mid"
14715,"867.38",4,"mid"
14912,"867.85",2,"mid"
17649,"868.49",1,"mid"
13203,"869.46",4,"mid"
12694,"869.67",2,"mid"
13979,"869.87",1,"mid"
13200,"870.09",4,"mid"
15208,"870.12",5,"mid"
12847,"871.54",1,"mid"
13294,"873.74",2,"mid"
16513,"874.59",4,"mid"
13566,"874.71",2,"mid"
15100,"876.00",3,"mid"
14770,"876.42",2,"mid"
15653,"877.44",2,"mid"
15076,"880.85",1,"mid"
13037,"881.07",3,"mid"
18236,"882.24",6,"mid"
14597,"883.15",2,"mid"
15799,"884.14",3,"mid"
17109,"885.04",6,"mid"
17704,"885.19",2,"mid"
15822,"885.47",2,"mid"
16900,"887.11",3,"mid"
16347,"887.65",2,"mid"
17829,"889.24",1,"mid"
14623,"889.25",5,"mid"
14344,"889.93",8,"mid"
17007,"889.93",6,"mid"
17027,"890.29",6,"mid"
14240,"890.34",2,"mid"
15255,"890.85",1,"mid"
13515,"891.12",4,"mid"
12772,"892.47",1,"mid"
15066,"893.59",1,"mid"
15211,"894.41",2,"mid"
15865,"895.13",3,"mid"
15079,"895.61",4,"mid"
16361,"896.66",4,"mid"
17537,"897.62",2,"mid"
13662,"897.76",3,"mid"
17886,"899.61",3,"mid"
14625,"899.63",2,"mid"
17848,"901.20",9,"mid"
16716,"901.20",2,"mid"
17566,"901.21",2,"mid"
15807,"903.90",3,"mid"
15022,"905.04",4,"mid"
15480,"905.50",1,"mid"
14449,"907.10",4,"mid"
13038,"908.46",3,"mid"
15511,"909.23",5,"mid"
13689,"910.00",1,"mid"
18096,"911.15",3,"mid"
14289,"911.26",6,"mid"
13192,"911.94",2,"mid"
13782,"912.00",6,"mid"
14359,"912.18",3,"mid"
15364,"913.19",2,"mid"
12940,"913.54",2,"mid"
15587,"913.68",4,"mid"
16809,"914.69",5,"mid"
16216,"914.93",1,"mid"
14141,"915.13",4,"mid"
17236,"916.13",6,"mid"
14712,"917.07",3,"mid"
14015,"917.34",1,"mid"
13549,"918.20",7,"mid"
15253,"918.20",5,"mid"
13075,"919.61",1,"mid"
12652,"919.98",1,"mid"
17018,"920.10",2,"mid"
13984,"920.51",5,"mid"
17323,"921.07",7,"mid"
13035,"921.88",2,"mid"
13934,"922.10",1,"mid"
16551,"922.12",3,"mid"
13122,"922.39",2,"mid"
15654,"922.53",2,"mid"
13805,"924.60",2,"mid"
15312,"924.85",4,"mid"
17048,"925.35",3,"mid"
14231,"925.71",3,"mid"
14475,"925.85",3,"mid"
17552,"930.41",4,"mid"
18133,"931.50",1,"mid"
14532,"932.85",4,"mid"
13655,"932.97",2,"mid"
16657,"933.62",4,"mid"
12924,"933.70",4,"mid"
14081,"934.52",2,"mid"
16027,"934.62",6,"mid"
14140,"935.05",2,"mid"
16584,"936.08",2,"mid"
17227,"939.32",6,"mid"
17527,"939.37",4,"mid"
15289,"939.78",3,"mid"
15576,"940.67",1,"mid"
14075,"942.26",3,"mid"
12820,"942.34",4,"mid"
13261,"944.10",2,"mid"
17289,"944.41",3,"mid"
15707,"945.58",4,"mid"
12458,"947.40",2,"mid"
15787,"948.05",3,"mid"
13748,"948.25",5,"mid"
17044,"948.48",1,"mid"
12822,"948.88",2,"mid"
13636,"949.12",5,"mid"
16511,"950.26",3,"mid"
15421,"950.36",4,"mid"
16934,"950.93",2,"mid"
15835,"954.09",4,"mid"
17097,"954.42",8,"mid"
17244,"954.90",1,"mid"
15948,"955.24",2,"mid"
12697,"957.59",3,"mid"
13823,"957.66",2,"mid"
18192,"957.97",1,"mid"
14629,"959.01",2,"mid"
15156,"961.49",3,"mid"
14006,"962.19",3,"mid"
13138,"962.39",6,"mid"
12550,"964.83",1,"mid"
15793,"965.61",3,"mid"
15907,"967.45",3,"mid"
14256,"969.06",2,"mid"
17618,"971.58",3,"mid"
17100,"971.74",2,"mid"
13155,"971.76",4,"mid"
16419,"972.23",6,"mid"
18194,"973.84",1,"mid"
15747,"974.04",3,"mid"
12994,"974.42",3,"mid"
15449,"974.52",3,"mid"
14522,"974.54",4,"mid"
13026,"975.36",5,"mid"
15860,"977.21",8,"mid"
14920,"977.77",2,"mid"
15132,"977.93",5,"mid"
13350,"979.12",2,"mid"
15506,"979.26",3,"mid"
13509,"979.72",7,"mid"
18170,"980.31",3,"mid"
12541,"981.18",3,"mid"
16085,"981.51",5,"mid"
16907,"981.65",5,"mid"
16188,"981.86",4,"mid"
15071,"982.07",2,"mid"
14138,"982.38",2,"mid"
15133,"982.42",3,"mid"
12510,"982.57",2,"mid"
17144,"984.57",2,"mid"
13117,"984.91",8,"mid"
16376,"987.01",2,"mid"
18237,"987.10",5,"mid"
15062,"987.86",4,"mid"
17324,"990.23",4,"mid"
16232,"990.88",4,"mid"
14223,"991.13",3,"mid"
13363,"992.50",2,"mid"
16009,"992.71",4,"mid"
17594,"993.18",2,"mid"
15110,"996.10",4,"mid"
14540,"996.26",3,"mid"
12722,"997.63",4,"mid"
18143,"1000.16",2,"mid"
15508,"1000.27",6,"mid"
12545,"1000.39",2,"mid"
12446,"1002.31",1,"mid"
13410,"1003.06",5,"mid"
14214,"1004.38",5,"mid"
17126,"1004.75",5,"mid"
13429,"1006.80",4,"mid"
14631,"1006.98",3,"mid"
17646,"1008.39",3,"mid"
17951,"1008.54",3,"mid"
16174,"1009.55",3,"mid"
16572,"1009.60",3,"mid"
13032,"1010.18",2,"mid"
16229,"1010.60",2,"mid"
14775,"1011.90",3,"mid"
14195,"1012.00",2,"mid"
17197,"1013.01",1,"mid"
12739,"1013.04",2,"mid"
12642,"1013.26",3,"mid"
13867,"1015.29",3,"mid"
13728,"1016.14",6,"mid"
12514,"1017.68",1,"mid"
14083,"1018.43",9,"mid"
12828,"1018.71",6,"mid"
18142,"1019.52",2,"mid"
13376,"1019.76",3,"mid"
12572,"1020.42",2,"mid"
13165,"1021.48",2,"mid"
14346,"1021.58",2,"mid"
17096,"1022.13",4,"mid"
15658,"1024.10",5,"mid"
14904,"1025.44",2,"mid"
16160,"1025.44",2,"mid"
13956,"1026.42",5,"mid"
15104,"1027.44",2,"mid"
16682,"1028.00",5,"mid"
15333,"1028.56",1,"mid"
17033,"1030.14",3,"mid"
13253,"1030.40",2,"mid"
12717,"1030.98",2,"mid"
13235,"1031.07",1,"mid"
17405,"1031.41",3,"mid"
12724,"1031.41",4,"mid"
12599,"1032.58",7,"mid"
17724,"1033.00",3,"mid"
13639,"1033.34",1,"mid"
16260,"1035.45",1,"mid"
12691,"1035.80",6,"mid"
16175,"1037.59",4,"mid"
16320,"1038.46",2,"mid"
14446,"1039.58",4,"mid"
15434,"1041.48",5,"mid"
18221,"1041.61",5,"mid"
13719,"1041.68",5,"mid"
14584,"1042.26",4,"mid"
12497,"1043.10",1,"mid"
15073,"1043.41",3,"mid"
14389,"1043.46",2,"mid"
15192,"1044.32",3,"mid"
17042,"1044.38",5,"mid"
14293,"1046.56",4,"mid"
16520,"1046.57",3,"mid"
15777,"1047.11",4,"mid"
15839,"1048.49",3,"mid"
15464,"1048.85",1,"mid"
14078,"1049.37",6,"mid"
15329,"1049.70",3,"mid"
14224,"1050.12",4,"mid"
12849,"1050.89",2,"mid"
16416,"1051.40",3,"mid"
14583,"1052.55",5,"mid"
12716,"1053.49",2,"mid"
16728,"1054.67",4,"mid"
15977,"1054.73",2,"mid"
14514,"1055.35",3,"mid"
15407,"1056.44",4,"mid"
14419,"1058.06",6,"mid"
13455,"1058.34",2,"mid"
14465,"1058.62",3,"mid"
18130,"1059.39",3,"mid"
17727,"1060.25",1,"mid"
15706,"1060.56",4,"mid"
15996,"1060.68",6,"mid"
16214,"1062.75",3,"mid"
14411,"1063.00",1,"mid"
12815,"1063.46",2,"mid"
12936,"1063.90",4,"mid"
15801,"1063.95",3,"mid"
12951,"1064.07",6,"mid"
17287,"1064.11",7,"mid"
14488,"1064.28",1,"mid"
17277,"1065.35",2,"mid"
15027,"1066.15",4,"mid"
16918,"1068.82",6,"mid"
17214,"1069.12",6,"mid"
14212,"1070.48",1,"mid"
13761,"1070.65",2,"mid"
17522,"1070.71",5,"mid"
13635,"1071.03",1,"mid"
15238,"1071.99",3,"mid"
15712,"1072.36",5,"mid"
13131,"1073.30",3,"mid"
16563,"1077.74",1,"mid"
16094,"1078.23",4,"mid"
14352,"1078.96",4,"mid"
16980,"1078.96",2,"mid"
13715,"1079.34",5,"mid"
12354,"1079.40",1,"mid"
15197,"1079.61",3,"mid"
13726,"1079.66",2,"mid"
16200,"1080.62",2,"mid"
14561,"1080.76",3,"mid"
17041,"1081.57",3,"mid"
13467,"1083.71",2,"mid"
15763,"1086.92",2,"mid"
12534,"1089.18",1,"mid"
13853,"1090.14",1,"mid"
18189,"1090.24",2,"mid"
13521,"1093.65",3,"mid"
15608,"1093.68",4,"mid"
15745,"1094.59",4,"mid"
13652,"1095.08",3,"mid"
16533,"1095.56",3,"mid"
16225,"1096.32",5,"mid"
17966,"1098.43",5,"mid"
13104,"1098.48",6,"mid"
15978,"1098.78",1,"mid"
14744,"1099.98",7,"mid"
17047,"1100.90",3,"mid"
14948,"1101.97",6,"mid"
14410,"1105.07",9,"mid"
12857,"1106.40",2,"mid"
16833,"1106.53",4,"mid"
15933,"1107.46",3,"mid"
12399,"1108.65",4,"mid"
15069,"1109.53",1,"mid"
14817,"1110.34",2,"mid"
14161,"1110.52",3,"mid"
16049,"1111.79",3,"mid"
17609,"1112.22",5,"mid"
12679,"1113.02",4,"mid"
16350,"1116.47",4,"mid"
14971,"1116.57",3,"mid"
13591,"1117.13",3,"mid"
17788,"1117.90",2,"mid"
15716,"1118.81",4,"mid"
12842,"1118.99",2,"mid"
13064,"1119.49",4,"mid"
14276,"1119.74",3,"mid"
17894,"1119.81",8,"mid"
15730,"1120.88",3,"mid"
16086,"1121.39",5,"mid"
16807,"1121.59",3,"mid"
17562,"1122.38",7,"mid"
13486,"1122.41",3,"mid"
15436,"1122.53",3,"mid"
14129,"1123.86",5,"mid"
17470,"1125.07",5,"mid"
14708,"1126.37",3,"mid"
12609,"1126.85",3,"mid"
14824,"1127.71",4,"mid"
13447,"1129.14",3,"mid"
15500,"1131.56",4,"mid"
13610,"1131.88",7,"mid"
13310,"1132.03",3,"mid"
13772,"1132.13",3,"mid"
13282,"1132.14",3,"mid"
17585,"1133.07",4,"mid"
16989,"1133.25",6,"mid"
15489,"1134.28",3,"mid"
17242,"1135.04",2,"mid"
17302,"1135.63",5,"mid"
17500,"1138.00",3,"mid"
17135,"1139.73",7,"mid"
16172,"1140.21",5,"mid"
13819,"1140.35",3,"mid"
13330,"1140.93",3,"mid"
16270,"1141.24",1,"mid"
15985,"1142.42",2,"mid"
18125,"1142.99",4,"mid"
17770,"1143.27",5,"mid"
12769,"1143.60",1,"mid"
16766,"1145.60",2,"mid"
17505,"1145.84",2,"mid"
12710,"1149.02",3,"mid"
16062,"1153.62",4,"mid"
16637,"1154.47",4,"mid"
13744,"1156.36",2,"mid"
14723,"1158.30",6,"mid"
16184,"1158.79",6,"mid"
13499,"1159.11",5,"mid"
17348,"1159.52",5,"mid"
15088,"1160.07",2,"mid"
12546,"1161.50",2,"mid"
16714,"1161.53",3,"mid"
14447,"1163.23",5,"mid"
14261,"1163.45",2,"mid"
14737,"1164.55",3,"mid"
13500,"1166.77",3,"mid"
12358,"1168.06",2,"mid"
18168,"1169.94",6,"mid"
13611,"1171.80",3,"mid"
14857,"1173.12",2,"mid"
15306,"1174.35",3,"mid"
12640,"1174.58",3,"mid"
12885,"1175.22",3,"mid"
16950,"1178.56",3,"mid"
17058,"1179.89",3,"mid"
13752,"1186.28",6,"mid"
15630,"1186.35",2,"mid"
16612,"1187.66",4,"mid"
12462,"1189.59",2,"mid"
13882,"1191.13",5,"mid"
12611,"1193.32",1,"mid"
15145,"1194.73",4,"mid"
17526,"1195.90",4,"mid"
17720,"1195.94",4,"mid"
14487,"1196.33",6,"mid"
17867,"1197.10",6,"mid"
16042,"1197.27",5,"mid"
13211,"1197.42",3,"mid"
13118,"1197.81",5,"high"
15605,"1198.23",5,"high"
17800,"1199.01",9,"high"
17320,"1200.62",3,"high"
13158,"1201.06",4,"high"
16800,"1201.49",1,"high"
15737,"1205.12",8,"high"
17653,"1207.56",4,"high"
12464,"1212.05",8,"high"
16653,"1212.66",2,"high"
13918,"1212.84",2,"high"
18263,"1213.16",3,"high"
13055,"1214.41",3,"high"
17410,"1214.72",5,"high"
13491,"1215.82",10,"high"
15227,"1219.40",5,"high"
14745,"1220.26",5,"high"
16794,"1222.71",10,"high"
13208,"1223.90",6,"high"
15841,"1224.06",4,"high"
17774,"1225.41",4,"high"
12412,"1226.88",3,"high"
12997,"1226.89",4,"high"
14913,"1227.43",4,"high"
18171,"1231.31",5,"high"
18080,"1231.50",2,"high"
15910,"1232.18",8,"high"
15376,"1233.36",3,"high"
14684,"1236.28",5,"high"
15201,"1236.54",5,"high"
13931,"1237.53",2,"high"
14893,"1237.85",2,"high"
13476,"1238.47",2,"high"
12985,"1239.38",2,"high"
17731,"1240.11",4,"high"
17588,"1240.20",3,"high"
17584,"1242.30",2,"high"
16531,"1244.59",7,"high"
14428,"1244.83",5,"high"
13860,"1245.90",5,"high"
12494,"1246.10",7,"high"
15004,"1246.32",1,"high"
13029,"1247.50",3,"high"
12689,"1247.61",2,"high"
14383,"1247.69",3,"high"
14698,"1250.76",5,"high"
17262,"1253.36",5,"high"
13848,"1255.00",3,"high"
17481,"1255.59",4,"high"
16639,"1257.51",3,"high"
14931,"1257.68",5,"high"
13151,"1257.87",1,"high"
17412,"1258.06",7,"high"
17388,"1259.56",4,"high"
16688,"1260.86",4,"high"
15009,"1261.78",3,"high"
15497,"1262.20",2,"high"
16842,"1264.19",3,"high"
13989,"1266.08",2,"high"
14105,"1266.23",1,"high"
17158,"1266.97",3,"high"
17037,"1267.32",1,"high"
16660,"1267.65",4,"high"
15199,"1268.70",4,"high"
14916,"1268.98",4,"high"
13431,"1269.10",2,"high"
13492,"1269.84",3,"high"
14669,"1269.99",3,"high"
12630,"1270.88",2,"high"
12394,"1272.48",2,"high"
17019,"1272.61",4,"high"
16692,"1276.00",2,"high"
16951,"1277.75",3,"high"
13538,"1280.85",7,"high"
13878,"1281.53",1,"high"
16899,"1281.56",6,"high"
17802,"1285.04",3,"high"
17350,"1286.07",4,"high"
16949,"1286.27",6,"high"
15136,"1286.70",4,"high"
15171,"1289.50",1,"high"
16101,"1290.70",1,"high"
15621,"1293.03",4,"high"
16224,"1295.30",4,"high"
16929,"1295.39",7,"high"
17961,"1296.44",39,"high"
15602,"1297.87",9,"high"
12372,"1298.04",3,"high"
12488,"1298.66",3,"high"
15494,"1299.23",2,"high"
15108,"1300.25",4,"high"
14898,"1303.52",6,"high"
15813,"1303.91",2,"high"
17919,"1304.04",1,"high"
16744,"1304.76",7,"high"
12507,"1304.81",3,"high"
14297,"1305.33",4,"high"
13328,"1308.48",1,"high"
14047,"1308.61",5,"high"
16120,"1309.14",4,"high"
14477,"1309.60",4,"high"
14856,"1311.38",3,"high"
12516,"1312.06",2,"high"
12364,"1313.10",4,"high"
16040,"1313.55",3,"high"
14738,"1314.45",7,"high"
14973,"1314.45",3,"high"
16464,"1314.68",3,"high"
14511,"1314.81",5,"high"
12576,"1315.83",5,"high"
14921,"1316.07",2,"high"
12526,"1316.66",3,"high"
16083,"1317.62",2,"high"
13168,"1319.19",4,"high"
14794,"1319.91",7,"high"
16370,"1320.56",4,"high"
17095,"1324.16",3,"high"
12854,"1324.50",3,"high"
17633,"1324.84",4,"high"
15146,"1327.16",2,"high"
16295,"1328.55",4,"high"
12676,"1331.39",6,"high"
17932,"1331.57",3,"high"
15680,"1333.68",3,"high"
12919,"1335.19",6,"high"
16110,"1337.48",3,"high"
15059,"1337.72",9,"high"
12620,"1339.41",3,"high"
15734,"1339.45",2,"high"
13501,"1340.32",1,"high"
16045,"1340.70",4,"high"
18177,"1341.42",6,"high"
13743,"1341.60",7,"high"
16317,"1341.65",3,"high"
17372,"1342.68",8,"high"
12463,"1344.78",4,"high"
15398,"1345.53",2,"high"
14154,"1345.62",2,"high"
12646,"1346.97",2,"high"
12770,"1351.45",1,"high"
16493,"1351.63",4,"high"
16079,"1352.00",3,"high"
15116,"1352.75",4,"high"
14064,"1353.74",5,"high"
14859,"1353.74",4,"high"
17054,"1356.33",5,"high"
13232,"1357.60",7,"high"
15411,"1358.88",4,"high"
14102,"1360.28",5,"high"
13396,"1360.99",2,"high"
14897,"1366.38",4,"high"
13813,"1366.86",4,"high"
15095,"1370.60",4,"high"
14434,"1372.80",6,"high"
16669,"1374.87",3,"high"
15569,"1375.71",5,"high"
12886,"1378.40",2,"high"
17621,"1379.90",3,"high"
16726,"1382.02",5,"high"
16389,"1382.07",4,"high"
14116,"1382.74",5,"high"
14507,"1383.18",6,"high"
13572,"1384.25",1,"high"
17311,"1384.85",2,"high"
18167,"1384.86",3,"high"
13308,"1385.51",3,"high"
12775,"1386.04",5,"high"
17676,"1387.68",6,"high"
12952,"1387.79",4,"high"
15134,"1387.99",8,"high"
15453,"1388.37",7,"high"
16539,"1388.81",4,"high"
15898,"1388.88",5,"high"
13516,"1389.41",3,"high"
13414,"1390.50",3,"high"
15051,"1391.61",3,"high"
15810,"1391.98",4,"high"
17354,"1393.06",1,"high"
13995,"1393.69",5,"high"
18202,"1396.99",3,"high"
14741,"1400.34",6,"high"
15563,"1400.44",4,"high"
17083,"1405.78",3,"high"
15596,"1406.59",5,"high"
15237,"1412.32",4,"high"
17004,"1412.94",2,"high"
16245,"1413.66",3,"high"
16012,"1415.29",3,"high"
14748,"1415.75",5,"high"
14649,"1417.29",4,"high"
18116,"1418.03",8,"high"
17856,"1418.03",4,"high"
15444,"1418.26",2,"high"
16173,"1418.32",6,"high"
17288,"1419.73",7,"high"
14443,"1420.20",4,"high"
14901,"1421.29",9,"high"
14019,"1421.61",3,"high"
16571,"1421.69",3,"high"
16463,"1422.40",4,"high"
15106,"1422.52",5,"high"
15681,"1426.16",5,"high"
14035,"1428.02",5,"high"
16271,"1429.24",5,"high"
16103,"1429.64",6,"high"
13475,"1431.78",4,"high"
16503,"1431.93",4,"high"
14566,"1432.00",1,"high"
13159,"1437.85",4,"high"
14071,"1438.82",8,"high"
15858,"1438.85",5,"high"
15478,"1441.42",2,"high"
17175,"1443.69",4,"high"
13461,"1445.00",3,"high"
13717,"1445.01",6,"high"
17073,"1446.09",4,"high"
14591,"1447.14",4,"high"
15426,"1447.39",5,"high"
14740,"1448.21",3,"high"
15987,"1451.28",7,"high"
13477,"1454.58",6,"high"
13309,"1456.79",5,"high"
16996,"1456.96",6,"high"
16059,"1459.86",6,"high"
17063,"1461.14",7,"high"
14541,"1461.65",8,"high"
14233,"1462.72",4,"high"
12882,"1463.04",2,"high"
14875,"1465.32",2,"high"
16348,"1469.45",7,"high"
15128,"1471.00",4,"high"
14246,"1474.06",3,"high"
14404,"1474.32",6,"high"
12826,"1474.72",7,"high"
15983,"1475.02",4,"high"
14403,"1475.81",4,"high"
17590,"1479.22",3,"high"
15427,"1483.14",3,"high"
18016,"1483.56",5,"high"
14758,"1484.06",4,"high"
14878,"1485.54",9,"high"
16395,"1486.90",5,"high"
17553,"1487.60",1,"high"
14963,"1487.80",5,"high"
13692,"1488.32",3,"high"
13110,"1488.67",7,"high"
15057,"1489.50",2,"high"
17002,"1493.73",3,"high"
16755,"1496.83",3,"high"
14414,"1496.98",7,"high"
17571,"1498.51",4,"high"
13810,"1499.01",3,"high"
16762,"1501.38",3,"high"
15530,"1502.35",4,"high"
12937,"1504.27",4,"high"
15265,"1506.12",2,"high"
16016,"1508.76",8,"high"
16279,"1509.58",3,"high"
16910,"1510.06",8,"high"
16053,"1511.95",2,"high"
16748,"1515.90",5,"high"
13791,"1516.00",2,"high"
14267,"1516.24",3,"high"
16880,"1519.08",7,"high"
13213,"1520.58",5,"high"
13764,"1521.76",3,"high"
16066,"1521.87",5,"high"
16434,"1522.25",7,"high"
16244,"1522.75",2,"high"
15916,"1528.09",8,"high"
14567,"1530.36",2,"high"
14321,"1530.75",5,"high"
12759,"1531.44",3,"high"
13107,"1531.62",4,"high"
15625,"1534.26",4,"high"
15392,"1535.53",4,"high"
12877,"1535.77",12,"high"
13849,"1537.95",2,"high"
17159,"1538.88",3,"high"
16365,"1540.42",9,"high"
12818,"1542.08",1,"high"
15701,"1542.14",4,"high"
13397,"1544.13",5,"high"
16790,"1545.62",6,"high"
14704,"1546.91",9,"high"
14229,"1547.20",3,"high"
13320,"1548.70",4,"high"
15117,"1551.78",5,"high"
15620,"1553.18",3,"high"
16369,"1553.66",3,"high"
13313,"1555.32",5,"high"
16394,"1555.34",5,"high"
14038,"1560.38",3,"high"
18239,"1561.61",5,"high"
17204,"1564.56",4,"high"
17085,"1566.65",5,"high"
15111,"1567.48",3,"high"
15906,"1567.69",7,"high"
12865,"1568.23",2,"high"
16283,"1570.81",5,"high"
17671,"1572.71",4,"high"
13659,"1573.20",2,"high"
13634,"1575.16",5,"high"
13186,"1575.89",3,"high"
16889,"1578.67",3,"high"
13814,"1579.12",2,"high"
12607,"1579.51",1,"high"
15532,"1580.93",4,"high"
12393,"1582.60",4,"high"
14442,"1589.82",2,"high"
18178,"1590.81",4,"high"
15611,"1591.45",13,"high"
14970,"1592.06",4,"high"
16676,"1592.12",4,"high"
16332,"1593.20",7,"high"
17837,"1593.38",8,"high"
13850,"1595.48",1,"high"
16496,"1599.52",3,"high"
15660,"1600.86",9,"high"
14587,"1601.14",9,"high"
14719,"1602.13",5,"high"
16466,"1603.46",7,"high"
12947,"1603.99",6,"high"
16817,"1604.75",9,"high"
12868,"1607.06",6,"high"
14918,"1610.15",2,"high"
13614,"1610.46",4,"high"
14312,"1611.59",6,"high"
15791,"1612.69",2,"high"
16992,"1614.31",5,"high"
14336,"1614.91",4,"high"
18161,"1618.69",5,"high"
16801,"1619.73",4,"high"
14178,"1620.93",7,"high"
17101,"1621.73",4,"high"
14937,"1621.88",3,"high"
15172,"1624.05",5,"high"
13425,"1624.21",3,"high"
16987,"1625.05",7,"high"
14759,"1625.97",3,"high"
16515,"1627.13",5,"high"
12377,"1628.12",2,"high"
17673,"1629.12",6,"high"
14164,"1631.77",2,"high"
15122,"1633.78",3,"high"
12398,"1635.66",1,"high"
13627,"1638.47",5,"high"
15002,"1641.76",4,"high"
12657,"1643.18",4,"high"
13750,"1647.26",5,"high"
14837,"1649.50",4,"high"
16711,"1651.03",5,"high"
17284,"1652.58",6,"high"
14573,"1653.42",9,"high"
15826,"1654.31",3,"high"
15953,"1659.38",8,"high"
14045,"1659.75",4,"high"
12967,"1660.90",2,"high"
15332,"1661.06",4,"high"
15024,"1661.33",10,"high"
15214,"1661.44",8,"high"
13012,"1661.84",8,"high"
12530,"1662.28",4,"high"
12912,"1662.30",5,"high"
16115,"1667.97",8,"high"
17656,"1674.69",5,"high"
13149,"1676.06",4,"high"
13647,"1678.12",4,"high"
16638,"1680.72",10,"high"
13577,"1687.60",4,"high"
13162,"1688.29",4,"high"
12635,"1689.18",2,"high"
17152,"1689.50",3,"high"
15380,"1690.26",5,"high"
16671,"1692.27",3,"high"
16813,"1692.98",10,"high"
15549,"1693.26",3,"high"
14245,"1693.45",2,"high"
12764,"1693.88",1,"high"
16775,"1695.66",11,"high"
13824,"1698.94",5,"high"
17193,"1699.30",7,"high"
13184,"1701.29",10,"high"
16007,"1701.94",4,"high"
12843,"1702.26",8,"high"
17282,"1703.41",3,"high"
16398,"1705.80",2,"high"
15240,"1706.57",5,"high"
16902,"1706.88",1,"high"
12407,"1708.12",5,"high"
15947,"1708.24",1,"high"
12405,"1710.39",1,"high"
14441,"1712.89",4,"high"
17147,"1714.59",4,"high"
13763,"1714.96",1,"high"
17162,"1715.46",10,"high"
15267,"1717.36",5,"high"
14834,"1720.30",6,"high"
17451,"1721.40",7,"high"
16791,"1721.78",7,"high"
17043,"1735.18",4,"high"
14673,"1736.40",5,"high"
17457,"1737.70",5,"high"
17353,"1740.00",2,"high"
17930,"1740.48",5,"high"
14595,"1740.60",6,"high"
13157,"1741.22",4,"high"
15067,"1744.76",3,"high"
13808,"1747.66",5,"high"
13564,"1749.02",3,"high"
16359,"1750.92",9,"high"
15241,"1756.44",8,"high"
12349,"1757.55",1,"high"
12823,"1759.50",5,"high"
12424,"1760.96",2,"high"
16751,"1764.72",1,"high"
15950,"1765.51",4,"high"
13456,"1766.72",6,"high"
16681,"1770.34",6,"high"
14387,"1770.56",3,"high"
17813,"1770.88",5,"high"
15473,"1771.20",7,"high"
15594,"1771.78",5,"high"
17754,"1772.26",5,"high"
12645,"1775.18",4,"high"
17092,"1777.78",4,"high"
15220,"1778.96",6,"high"
16380,"1780.59",1,"high"
15050,"1782.09",3,"high"
14935,"1784.71",1,"high"
14608,"1785.15",4,"high"
13875,"1786.79",5,"high"
14621,"1788.36",5,"high"
14215,"1789.72",6,"high"
12523,"1789.77",11,"high"
16719,"1790.42",7,"high"
13510,"1791.56",4,"high"
18179,"1793.17",6,"high"
13134,"1793.58",4,"high"
18235,"1796.48",3,"high"
12348,"1797.24",4,"high"
17648,"1797.50",4,"high"
17750,"1797.57",9,"high"
13196,"1797.78",4,"high"
13562,"1799.33",3,"high"
16249,"1800.07",5,"high"
15812,"1801.14",5,"high"
17663,"1802.91",7,"high"
13481,"1804.56",5,"high"
15260,"1810.77",7,"high"
17629,"1814.12",8,"high"
17828,"1820.09",4,"high"
16169,"1822.97",4,"high"
17705,"1823.52",9,"high"
16153,"1824.23",5,"high"
17702,"1824.37",4,"high"
18122,"1826.21",6,"high"
15203,"1827.80",6,"high"
16152,"1829.04",1,"high"
14665,"1835.70",5,"high"
13048,"1835.91",4,"high"
15827,"1836.09",14,"high"
13650,"1836.34",6,"high"
18287,"1837.28",3,"high"
14459,"1837.92",1,"high"
13924,"1838.85",6,"high"
14216,"1839.30",4,"high"
14113,"1840.42",4,"high"
16455,"1841.18",7,"high"
16102,"1842.14",3,"high"
17015,"1842.56",3,"high"
12950,"1843.00",3,"high"
18180,"1843.75",6,"high"
17519,"1844.02",6,"high"
12381,"1845.31",5,"high"
12383,"1850.56",5,"high"
13421,"1851.08",2,"high"
16979,"1852.00",6,"high"
12963,"1856.63",8,"high"
14305,"1858.96",3,"high"
17873,"1859.16",5,"high"
12423,"1859.31",8,"high"
14887,"1862.00",1,"high"
16201,"1863.47",4,"high"
17787,"1865.19",4,"high"
14524,"1867.68",9,"high"
16841,"1869.82",6,"high"
17469,"1870.97",5,"high"
16474,"1871.50",7,"high"
13982,"1871.81",4,"high"
16986,"1873.20",2,"high"
17293,"1875.11",9,"high"
15367,"1877.59",4,"high"
17738,"1879.05",4,"high"
16128,"1880.22",5,"high"
13890,"1883.81",10,"high"
16170,"1885.05",6,"high"
15641,"1887.20",4,"high"
12371,"1887.96",2,"high"
14934,"1890.94",2,"high"
17870,"1894.35",12,"high"
17463,"1896.41",5,"high"
12762,"1898.52",2,"high"
14250,"1904.05",3,"high"
15819,"1905.45",4,"high"
14210,"1905.84",6,"high"
17228,"1906.09",8,"high"
16426,"1908.25",10,"high"
14285,"1910.01",4,"high"
17368,"1912.67",8,"high"
15021,"1914.82",9,"high"
16942,"1920.59",9,"high"
13094,"1927.32",12,"high"
16983,"1931.25",7,"high"
14978,"1931.42",5,"high"
14655,"1932.23",4,"high"
12528,"1933.48",6,"high"
15157,"1936.07",3,"high"
15864,"1936.32",6,"high"
14472,"1936.84",8,"high"
14418,"1937.25",3,"high"
15518,"1942.45",8,"high"
15814,"1945.33",4,"high"
14653,"1947.55",7,"high"
14533,"1949.72",7,"high"
17554,"1952.45",5,"high"
12853,"1957.10",6,"high"
14498,"1957.32",5,"high"
15351,"1960.11",7,"high"
17218,"1960.72",10,"high"
17790,"1965.55",14,"high"
12674,"1970.60",4,"high"
17997,"1970.67",8,"high"
16341,"1971.87",4,"high"
17422,"1979.37",6,"high"
13725,"1980.56",8,"high"
13590,"1981.92",6,"high"
13246,"1987.30",6,"high"
17088,"1991.01",4,"high"
17679,"1992.11",2,"high"
18204,"1993.70",3,"high"
17827,"1995.46",5,"high"
16698,"1998.00",2,"high"
13305,"2000.86",10,"high"
18188,"2001.04",3,"high"
15493,"2001.80",5,"high"
16754,"2002.40",1,"high"
17082,"2003.85",2,"high"
14462,"2004.02",11,"high"
14217,"2004.98",17,"high"
14730,"2005.06",8,"high"
16098,"2005.63",7,"high"
15372,"2007.40",1,"high"
15531,"2007.44",2,"high"
14506,"2012.17",5,"high"
15341,"2020.52",1,"high"
14544,"2024.45",2,"high"
16358,"2027.50",4,"high"
17337,"2027.87",4,"high"
16409,"2028.88",5,"high"
13630,"2031.78",7,"high"
17846,"2033.10",1,"high"
18069,"2036.67",5,"high"
13593,"2037.08",5,"high"
12585,"2040.10",2,"high"
14001,"2043.08",3,"high"
13450,"2043.72",6,"high"
17090,"2043.95",7,"high"
17597,"2044.37",1,"high"
13495,"2044.87",5,"high"
17625,"2047.00",4,"high"
14232,"2048.07",5,"high"
17612,"2048.45",6,"high"
17086,"2050.08",6,"high"
16150,"2053.02",5,"high"
14188,"2054.36",6,"high"
17667,"2055.51",5,"high"
12518,"2056.89",5,"high"
14409,"2059.45",6,"high"
16281,"2062.06",1,"high"
12928,"2062.70",5,"high"
12948,"2064.95",7,"high"
14482,"2068.15",6,"high"
18219,"2069.77",10,"high"
18241,"2073.09",17,"high"
14209,"2073.43",6,"high"
14696,"2078.95",7,"high"
18231,"2083.27",5,"high"
16954,"2085.08",9,"high"
14810,"2087.88",11,"high"
18044,"2088.60",10,"high"
13297,"2089.85",4,"high"
17490,"2092.32",7,"high"
13571,"2092.32",12,"high"
14306,"2093.32",2,"high"
18283,"2094.88",16,"high"
17191,"2095.13",7,"high"
16875,"2095.53",5,"high"
12610,"2099.54",5,"high"
13126,"2099.64",8,"high"
15815,"2100.60",5,"high"
17861,"2100.80",8,"high"
14515,"2102.09",6,"high"
14461,"2103.06",3,"high"
18093,"2106.52",4,"high"
18173,"2106.84",4,"high"
13265,"2107.66",5,"high"
14691,"2114.33",5,"high"
18008,"2116.19",9,"high"
18061,"2119.41",10,"high"
13632,"2121.27",5,"high"
15058,"2124.99",11,"high"
14640,"2125.08",6,"high"
16407,"2126.93",10,"high"
14360,"2128.23",4,"high"
13517,"2128.42",3,"high"
17400,"2129.96",5,"high"
12560,"2134.01",3,"high"
14828,"2139.76",3,"high"
17272,"2148.63",4,"high"
16966,"2154.97",7,"high"
13224,"2155.95",2,"high"
16379,"2157.40",4,"high"
14407,"2157.73",6,"high"
16456,"2158.37",5,"high"
12935,"2160.70",7,"high"
13755,"2161.35",9,"high"
12633,"2163.98",4,"high"
12501,"2169.39",1,"high"
12909,"2178.67",5,"high"
12856,"2179.93",6,"high"
14341,"2182.28",8,"high"
15394,"2183.54",4,"high"
16628,"2188.05",5,"high"
15123,"2199.31",2,"high"
17406,"2200.42",3,"high"
13831,"2202.99",6,"high"
15179,"2206.95",5,"high"
15797,"2207.40",4,"high"
13862,"2209.36",8,"high"
12653,"2209.85",2,"high"
12876,"2218.02",2,"high"
15811,"2218.62",6,"high"
15722,"2222.56",5,"high"
13365,"2225.37",2,"high"
12783,"2225.91",6,"high"
17591,"2225.97",7,"high"
14825,"2226.91",12,"high"
14226,"2232.19",5,"high"
18242,"2232.49",4,"high"
15834,"2233.75",4,"high"
16076,"2234.73",10,"high"
14700,"2235.30",3,"high"
14560,"2237.77",22,"high"
16743,"2238.09",7,"high"
14211,"2241.10",9,"high"
15665,"2242.01",2,"high"
16771,"2246.81",5,"high"
15235,"2247.51",12,"high"
17442,"2248.56",6,"high"
16293,"2248.99",10,"high"
14432,"2255.51",6,"high"
16209,"2262.62",5,"high"
16057,"2263.12",7,"high"
13700,"2265.12",10,"high"
14466,"2272.40",7,"high"
17768,"2273.18",3,"high"
13317,"2273.68",6,"high"
16782,"2279.90",13,"high"
12684,"2283.63",7,"high"
17696,"2285.71",8,"high"
13527,"2287.51",7,"high"
12615,"2291.19",4,"high"
15704,"2293.62",4,"high"
13115,"2294.78",4,"high"
15105,"2298.93",7,"high"
16550,"2298.97",5,"high"
16735,"2300.56",5,"high"
15288,"2306.52",5,"high"
13704,"2308.06",9,"high"
13994,"2313.14",6,"high"
15365,"2314.32",7,"high"
14290,"2314.65",5,"high"
17211,"2317.22",8,"high"
17744,"2322.40",6,"high"
17313,"2328.84",1,"high"
15785,"2328.97",5,"high"
12782,"2330.92",5,"high"
15281,"2332.15",9,"high"
17954,"2332.72",12,"high"
18257,"2337.63",8,"high"
12584,"2338.15",9,"high"
18259,"2338.60",3,"high"
12704,"2340.84",8,"high"
14309,"2352.53",9,"high"
15140,"2354.25",7,"high"
14440,"2357.68",5,"high"
14030,"2360.09",8,"high"
17634,"2361.97",9,"high"
12457,"2363.23",7,"high"
15755,"2364.25",6,"high"
13908,"2369.55",4,"high"
14930,"2372.86",3,"high"
17434,"2373.82",7,"high"
13722,"2375.41",3,"high"
15270,"2379.49",7,"high"
14239,"2380.85",11,"high"
14554,"2381.04",4,"high"
14493,"2383.24",5,"high"
17530,"2385.00",10,"high"
15370,"2386.05",7,"high"
13141,"2388.75",5,"high"
18065,"2392.83",14,"high"
15980,"2398.86",3,"high"
17589,"2404.17",4,"high"
12397,"2409.90",2,"high"
15373,"2415.91",12,"high"
15089,"2420.84",6,"high"
17722,"2424.04",4,"high"
16143,"2424.94",6,"high"
13949,"2427.32",6,"high"
17071,"2429.03",9,"high"
15527,"2429.78",8,"high"
14163,"2445.91",4,"high"
15674,"2446.60",5,"high"
13784,"2462.79",11,"high"
17131,"2463.17",5,"high"
15750,"2465.48",8,"high"
12455,"2466.86",6,"high"
17164,"2467.35",7,"high"
14502,"2470.67",11,"high"
14766,"2473.37",6,"high"
17188,"2474.23",7,"high"
17682,"2474.33",6,"high"
13588,"2478.95",9,"high"
13507,"2479.16",4,"high"
14315,"2481.13",6,"high"
16710,"2483.04",10,"high"
12913,"2483.63",5,"high"
12483,"2484.98",8,"high"
16477,"2494.46",7,"high"
15932,"2495.87",8,"high"
12517,"2502.84",5,"high"
13695,"2504.13",15,"high"
12352,"2506.04",8,"high"
15271,"2507.07",15,"high"
15245,"2515.84",3,"high"
13394,"2520.02",8,"high"
17449,"2520.86",7,"high"
13975,"2526.28",6,"high"
17314,"2527.92",8,"high"
14659,"2529.93",9,"high"
13471,"2531.58",4,"high"
17700,"2534.64",4,"high"
14776,"2538.30",11,"high"
13344,"2543.72",3,"high"
14676,"2548.24",6,"high"
14701,"2549.37",9,"high"
14334,"2552.21",8,"high"
15572,"2552.86",7,"high"
16308,"2560.00",4,"high"
18245,"2567.06",7,"high"
15485,"2575.00",3,"high"
16912,"2575.38",11,"high"
14546,"2578.09",5,"high"
13911,"2580.91",9,"high"
15033,"2586.67",10,"high"
14243,"2588.77",10,"high"
13895,"2593.07",4,"high"
16919,"2596.45",11,"high"
12600,"2599.04",10,"high"
17317,"2600.34",3,"high"
13983,"2603.43",12,"high"
14408,"2606.53",7,"high"
13136,"2607.61",5,"high"
16241,"2607.87",13,"high"
12726,"2609.10",7,"high"
18075,"2611.75",10,"high"
12836,"2612.86",4,"high"
14397,"2612.96",19,"high"
15782,"2614.74",3,"high"
13021,"2616.38",9,"high"
14262,"2618.23",8,"high"
16255,"2619.91",8,"high"
18210,"2621.38",6,"high"
17965,"2622.57",14,"high"
13644,"2624.26",4,"high"
13422,"2626.30",1,"high"
18077,"2633.01",11,"high"
17402,"2633.85",13,"high"
12520,"2634.26",5,"high"
13771,"2634.45",4,"high"
13804,"2635.79",7,"high"
15752,"2637.38",7,"high"
17655,"2638.94",7,"high"
13658,"2639.17",5,"high"
18260,"2643.20",6,"high"
16618,"2647.59",5,"high"
13851,"2651.46",3,"high"
12721,"2656.13",6,"high"
15671,"2657.13",7,"high"
14439,"2661.24",1,"high"
12360,"2662.06",3,"high"
14713,"2666.36",11,"high"
13883,"2674.48",5,"high"
17346,"2676.56",15,"high"
12625,"2683.82",2,"high"
17386,"2686.42",6,"high"
18097,"2697.80",6,"high"
14732,"2702.49",8,"high"
14107,"2703.23",7,"high"
13654,"2707.33",6,"high"
13285,"2709.12",4,"high"
17069,"2709.70",9,"high"
15796,"2711.56",8,"high"
12708,"2712.91",10,"high"
12380,"2724.81",4,"high"
12840,"2726.77",4,"high"
16003,"2735.37",5,"high"
16938,"2736.38",4,"high"
15696,"2736.46",8,"high"
14125,"2740.43",3,"high"
14808,"2741.17",8,"high"
12669,"2744.03",3,"high"
15321,"2748.31",3,"high"
13971,"2758.26",8,"high"
14854,"2759.83",7,"high"
15114,"2760.56",10,"high"
15356,"2766.50",10,"high"
13870,"2770.94",8,"high"
17838,"2779.30",5,"high"
14121,"2780.15",4,"high"
12388,"2780.66",6,"high"
17213,"2781.23",7,"high"
14626,"2791.27",4,"high"
17739,"2791.35",7,"high"
12758,"2791.59",2,"high"
12578,"2794.51",2,"high"
13769,"2796.51",10,"high"
15993,"2797.57",7,"high"
16764,"2799.25",13,"high"
16081,"2806.90",5,"high"
13230,"2806.97",14,"high"
18230,"2810.20",7,"high"
14903,"2810.63",5,"high"
12356,"2811.43",3,"high"
16871,"2812.34",6,"high"
13174,"2817.03",3,"high"
14842,"2824.69",4,"high"
17596,"2827.93",7,"high"
14572,"2832.84",7,"high"
14852,"2836.69",6,"high"
15984,"2837.67",10,"high"
16928,"2847.60",17,"high"
18145,"2861.55",4,"high"
12685,"2863.08",6,"high"
14535,"2864.19",3,"high"
13901,"2867.20",5,"high"
14711,"2868.80",11,"high"
15628,"2870.24",9,"high"
14005,"2874.72",5,"high"
17728,"2876.01",3,"high"
14251,"2879.70",5,"high"
15673,"2881.02",4,"high"
16633,"2883.10",6,"high"
13735,"2885.24",4,"high"
12408,"2888.55",5,"high"
18144,"2888.75",12,"high"
17644,"2895.64",11,"high"
12438,"2906.85",2,"high"
14112,"2915.15",7,"high"
12906,"2919.81",5,"high"
15606,"2920.16",9,"high"
17512,"2924.99",10,"high"
14530,"2925.91",6,"high"
16316,"2938.91",8,"high"
17444,"2940.04",3,"high"
17084,"2949.75",2,"high"
14868,"2953.59",8,"high"
17924,"2962.50",7,"high"
16497,"2965.69",6,"high"
15854,"2974.65",12,"high"
14032,"2975.59",11,"high"
13451,"2976.15",5,"high"
14639,"2984.49",6,"high"
15687,"2993.10",9,"high"
14307,"2995.72",6,"high"
12670,"2996.05",5,"high"
17504,"2997.03",9,"high"
17659,"2999.46",12,"high"
15521,"3000.20",8,"high"
12916,"3006.15",4,"high"
12754,"3010.74",3,"high"
18094,"3017.30",7,"high"
12395,"3018.63",12,"high"
12598,"3023.08",8,"high"
16709,"3029.87",5,"high"
16393,"3046.21",13,"high"
16940,"3049.88",3,"high"
17799,"3055.93",10,"high"
14456,"3062.40",9,"high"
16686,"3062.83",7,"high"
13631,"3070.42",11,"high"
12910,"3075.04",8,"high"
18272,"3078.58",6,"high"
16218,"3084.68",7,"high"
15998,"3089.97",5,"high"
13362,"3090.74",4,"high"
17059,"3095.04",5,"high"
13135,"3096.00",1,"high"
14565,"3099.12",4,"high"
14257,"3099.72",5,"high"
15491,"3100.09",6,"high"
16905,"3102.43",7,"high"
14099,"3104.17",11,"high"
13869,"3104.95",4,"high"
16678,"3109.99",12,"high"
16326,"3110.96",14,"high"
13685,"3119.44",7,"high"
16156,"3122.04",9,"high"
13742,"3131.02",12,"high"
14235,"3144.86",5,"high"
15065,"3158.13",4,"high"
17863,"3160.00",6,"high"
15861,"3165.36",8,"high"
16041,"3166.40",3,"high"
16837,"3170.98",11,"high"
17231,"3174.32",10,"high"
17672,"3178.17",2,"high"
12456,"3181.04",3,"high"
14844,"3189.81",4,"high"
13758,"3190.55",7,"high"
17685,"3191.53",7,"high"
13868,"3192.54",2,"high"
17220,"3198.25",14,"high"
16107,"3204.16",7,"high"
14388,"3212.84",8,"high"
13268,"3214.69",11,"high"
13880,"3219.77",13,"high"
14175,"3222.30",3,"high"
17050,"3228.84",6,"high"
15443,"3236.91",7,"high"
13047,"3237.54",10,"high"
13952,"3251.07",2,"high"
17723,"3276.40",6,"high"
15764,"3279.97",6,"high"
12480,"3281.63",4,"high"
15632,"3285.31",8,"high"
14702,"3292.14",17,"high"
14841,"3295.76",6,"high"
13373,"3312.25",3,"high"
16556,"3313.79",7,"high"
12594,"3338.22",10,"high"
12613,"3344.38",5,"high"
12643,"3344.64",6,"high"
13015,"3346.28",5,"high"
17183,"3347.31",6,"high"
16607,"3347.71",14,"high"
16818,"3349.57",11,"high"
14227,"3350.96",10,"high"
16011,"3362.71",16,"high"
15708,"3364.24",7,"high"
13842,"3385.62",9,"high"
15228,"3386.71",4,"high"
13198,"3401.24",6,"high"
17669,"3406.72",7,"high"
13437,"3408.06",7,"high"
15981,"3408.48",8,"high"
12406,"3415.30",2,"high"
14221,"3432.80",9,"high"
15676,"3435.76",3,"high"
17725,"3439.08",11,"high"
15974,"3442.15",7,"high"
15129,"3447.40",11,"high"
13536,"3448.29",7,"high"
15410,"3450.84",8,"high"
17758,"3456.70",8,"high"
13014,"3466.28",10,"high"
13993,"3466.36",9,"high"
16458,"3482.74",18,"high"
14907,"3501.10",7,"high"
16131,"3506.54",6,"high"
14395,"3507.71",9,"high"
16360,"3512.53",6,"high"
13953,"3515.68",7,"high"
17160,"3518.03",6,"high"
12454,"3528.34",1,"high"
13334,"3536.82",3,"high"
13448,"3539.37",6,"high"
14503,"3543.26",6,"high"
12370,"3545.69",4,"high"
15544,"3546.71",9,"high"
17491,"3558.87",10,"high"
17203,"3563.85",6,"high"
14132,"3586.03",11,"high"
15484,"3594.31",4,"high"
16242,"3603.21",7,"high"
15113,"3609.33",3,"high"
15505,"3610.96",5,"high"
13082,"3613.63",9,"high"
14040,"3614.92",12,"high"
17576,"3622.68",19,"high"
13520,"3624.35",6,"high"
13327,"3627.77",8,"high"
17528,"3628.50",8,"high"
14543,"3630.33",16,"high"
17230,"3638.41",8,"high"
13381,"3639.31",6,"high"
16440,"3640.67",5,"high"
12619,"3641.24",9,"high"
13426,"3641.32",10,"high"
16712,"3645.43",11,"high"
12417,"3649.10",9,"high"
13137,"3650.41",8,"high"
18079,"3651.97",4,"high"
15296,"3672.86",6,"high"
15581,"3679.97",13,"high"
16253,"3683.86",2,"high"
12553,"3692.28",10,"high"
15379,"3703.29",7,"high"
17819,"3704.87",7,"high"
13148,"3707.12",12,"high"
15622,"3709.56",9,"high"
15845,"3711.77",8,"high"
14364,"3717.35",8,"high"
16240,"3718.80",2,"high"
13680,"3722.42",4,"high"
12647,"3722.82",12,"high"
12502,"3723.87",5,"high"
14282,"3729.34",15,"high"
15808,"3734.97",4,"high"
16570,"3738.40",10,"high"
13552,"3740.07",12,"high"
14145,"3742.20",4,"high"
17238,"3744.65",17,"high"
12429,"3750.40",4,"high"
16904,"3754.27",16,"high"
17173,"3766.60",8,"high"
12562,"3781.74",7,"high"
16019,"3786.24",9,"high"
16168,"3787.60",27,"high"
16655,"3794.52",6,"high"
16145,"3799.49",11,"high"
12668,"3807.15",4,"high"
13435,"3809.89",7,"high"
12597,"3811.22",4,"high"
12755,"3811.95",2,"high"
15867,"3812.64",15,"high"
17091,"3827.76",9,"high"
13266,"3834.26",12,"high"
16327,"3844.22",6,"high"
12662,"3849.78",11,"high"
16717,"3858.38",6,"high"
15195,"3861.00",1,"high"
13124,"3866.33",3,"high"
18073,"3877.52",12,"high"
14291,"3883.25",11,"high"
13999,"3901.81",12,"high"
14739,"3902.28",7,"high"
17593,"3927.34",5,"high"
12473,"3938.55",5,"high"
17651,"3945.00",10,"high"
13183,"3957.78",9,"high"
13523,"3964.88",5,"high"
14299,"3965.62",9,"high"
12727,"3980.70",7,"high"
12779,"3981.36",8,"high"
17611,"3984.22",15,"high"
15416,"3984.32",4,"high"
17001,"3989.57",11,"high"
15529,"3995.23",11,"high"
17769,"3997.98",10,"high"
16186,"4006.94",12,"high"
14547,"4007.54",8,"high"
12378,"4008.62",1,"high"
12957,"4017.54",8,"high"
12841,"4022.35",25,"high"
13815,"4027.36",4,"high"
12867,"4036.82",7,"high"
12656,"4051.17",5,"high"
14401,"4051.48",13,"high"
18087,"4055.72",2,"high"
12449,"4067.29",4,"high"
14092,"4076.91",14,"high"
12749,"4090.88",5,"high"
16670,"4095.90",11,"high"
16401,"4098.32",12,"high"
17377,"4100.92",20,"high"
17940,"4106.44",10,"high"
16592,"4113.68",16,"high"
12569,"4124.69",32,"high"
15514,"4139.46",11,"high"
13988,"4147.96",6,"high"
13555,"4149.28",4,"high"
13384,"4151.93",7,"high"
16549,"4154.64",10,"high"
15570,"4165.52",12,"high"
12949,"4167.22",8,"high"
18041,"4183.39",21,"high"
14146,"4191.00",5,"high"
12747,"4196.01",11,"high"
15971,"4199.85",12,"high"
17920,"4204.10",17,"high"
15804,"4206.39",13,"high"
14277,"4216.20",3,"high"
17419,"4226.57",12,"high"
12500,"4257.82",11,"high"
14422,"4263.64",6,"high"
17937,"4301.22",7,"high"
15034,"4308.61",8,"high"
12347,"4310.00",7,"high"
18251,"4314.72",1,"high"
17567,"4331.48",8,"high"
14525,"4332.20",9,"high"
14800,"4339.74",12,"high"
14016,"4341.21",4,"high"
16945,"4345.50",19,"high"
12752,"4366.78",1,"high"
13505,"4393.63",4,"high"
12712,"4396.13",13,"high"
15874,"4405.88",7,"high"
16626,"4413.10",17,"high"
15955,"4416.26",14,"high"
13069,"4436.12",24,"high"
14534,"4447.05",18,"high"
14085,"4448.54",18,"high"
12627,"4478.53",7,"high"
17364,"4481.18",11,"high"
16984,"4481.35",2,"high"
14426,"4481.67",10,"high"
12524,"4485.72",8,"high"
17975,"4488.81",13,"high"
15299,"4507.01",7,"high"
13267,"4521.49",19,"high"
12484,"4541.72",6,"high"
17068,"4552.14",21,"high"
17613,"4559.15",14,"high"
14004,"4582.64",7,"high"
15093,"4597.02",6,"high"
13802,"4599.42",3,"high"
16931,"4604.22",21,"high"
14286,"4628.75",3,"high"
14390,"4652.82",9,"high"
14189,"4654.08",15,"high"
15291,"4668.30",15,"high"
14191,"4684.76",13,"high"
14135,"4690.31",15,"high"
14159,"4693.01",11,"high"
12714,"4708.86",5,"high"
16722,"4730.81",13,"high"
15152,"4745.69",13,"high"
14180,"4748.52",25,"high"
12955,"4757.16",11,"high"
17690,"4757.95",15,"high"
15187,"4777.18",16,"high"
15298,"4799.90",12,"high"
17365,"4801.56",8,"high"
15555,"4805.17",16,"high"
13013,"4810.94",13,"high"
15738,"4812.42",16,"high"
17652,"4867.72",12,"high"
14292,"4871.93",9,"high"
12688,"4873.81",1,"high"
12664,"4881.88",9,"high"
17133,"4892.24",7,"high"
14709,"4921.04",13,"high"
15786,"4932.20",3,"high"
12700,"4939.99",4,"high"
12437,"4951.41",18,"high"
15547,"4954.84",14,"high"
15032,"4959.10",3,"high"
12444,"5005.46",5,"high"
14755,"5010.28",11,"high"
14329,"5014.84",7,"high"
17426,"5037.26",6,"high"
15719,"5045.61",13,"high"
12432,"5059.32",5,"high"
13139,"5064.94",7,"high"
15301,"5070.35",12,"high"
14562,"5074.77",18,"high"
16700,"5076.55",13,"high"
17602,"5102.97",6,"high"
13941,"5112.96",5,"high"
15903,"5126.76",7,"high"
13599,"5153.67",21,"high"
17858,"5155.66",12,"high"
15727,"5178.96",7,"high"
16191,"5180.52",13,"high"
13756,"5189.52",14,"high"
16258,"5203.51",5,"high"
15046,"5213.77",15,"high"
12362,"5226.23",10,"high"
18226,"5228.05",11,"high"
17061,"5232.23",11,"high"
17730,"5298.48",13,"high"
15150,"5314.47",10,"high"
13269,"5346.23",15,"high"
16303,"5360.63",3,"high"
17850,"5391.21",34,"high"
17719,"5396.04",15,"high"
16701,"5398.30",13,"high"
17809,"5411.91",12,"high"
12490,"5417.93",10,"high"
18198,"5425.56",17,"high"
16265,"5447.00",9,"high"
16985,"5464.12",10,"high"
16609,"5493.46",7,"high"
18225,"5509.12",12,"high"
15805,"5528.48",17,"high"
12539,"5568.35",4,"high"
16161,"5575.56",19,"high"
16767,"5580.60",11,"high"
12839,"5591.42",14,"high"
12481,"5596.32",10,"high"
17757,"5605.29",30,"high"
14688,"5630.87",21,"high"
18118,"5653.82",26,"high"
13004,"5655.91",18,"high"
17716,"5655.99",11,"high"
17049,"5659.98",9,"high"
14049,"5681.72",4,"high"
14110,"5683.15",12,"high"
13468,"5704.97",37,"high"
16553,"5719.82",12,"high"
13178,"5725.47",11,"high"
17686,"5739.46",7,"high"
15218,"5756.89",11,"high"
12720,"5781.73",25,"high"
13050,"5836.86",17,"high"
13534,"5870.08",25,"high"
13209,"5891.61",8,"high"
14944,"5900.25",12,"high"
14415,"5900.28",13,"high"
14505,"5905.64",8,"high"
15382,"5955.71",6,"high"
14101,"5976.79",6,"high"
13316,"5977.73",4,"high"
13097,"6010.42",10,"high"
12637,"6021.90",8,"high"
14735,"6065.69",32,"high"
15939,"6115.01",15,"high"
17509,"6115.14",8,"high"
13418,"6127.43",18,"high"
14060,"6140.42",19,"high"
12357,"6207.67",1,"high"
14057,"6217.96",17,"high"
16126,"6287.77",4,"high"
17315,"6292.26",38,"high"
15005,"6316.57",28,"high"
13709,"6328.05",13,"high"
13668,"6363.59",21,"high"
12359,"6372.58",4,"high"
13871,"6403.25",13,"high"
13102,"6424.09",24,"high"
13225,"6463.84",7,"high"
15694,"6479.40",14,"high"
18223,"6484.54",14,"high"
12431,"6487.45",15,"high"
16814,"6509.10",21,"high"
12472,"6572.11",7,"high"
15144,"6580.44",17,"high"
16182,"6617.65",4,"high"
12626,"6620.48",9,"high"
17338,"6643.93",8,"high"
16353,"6675.71",23,"high"
15249,"6688.46",13,"high"
16746,"6697.66",18,"high"
13576,"6717.34",18,"high"
16532,"6748.80",3,"high"
16652,"6773.97",7,"high"
15601,"6776.56",14,"high"
18055,"6784.19",10,"high"
15023,"6802.76",11,"high"
12830,"6814.64",6,"high"
12476,"6816.42",11,"high"
12705,"6868.29",9,"high"
17416,"6893.42",7,"high"
16187,"6911.44",15,"high"
13027,"6912.00",6,"high"
16713,"6923.13",15,"high"
12989,"6924.11",15,"high"
12798,"6977.04",3,"high"
12766,"6989.63",7,"high"
14961,"7044.68",9,"high"
13985,"7060.13",15,"high"
13324,"7121.95",10,"high"
16873,"7123.62",6,"high"
16745,"7194.30",17,"high"
16729,"7239.92",21,"high"
16923,"7247.61",19,"high"
18229,"7276.90",20,"high"
13018,"7277.70",28,"high"
12583,"7281.38",15,"high"
17396,"7330.80",8,"high"
15465,"7354.62",18,"high"
12980,"7374.90",9,"high"
12474,"7375.79",18,"high"
13263,"7454.07",35,"high"
18172,"7561.68",20,"high"
15194,"7616.53",15,"high"
15044,"7700.23",17,"high"
13629,"7792.36",11,"high"
12435,"7829.89",2,"high"
13093,"7832.47",8,"high"
17811,"7837.73",39,"high"
12757,"7857.10",13,"high"
14849,"7930.54",25,"high"
15290,"7943.22",18,"high"
12428,"7956.46",9,"high"
14796,"8022.49",17,"high"
18109,"8052.97",26,"high"
14952,"8099.49",11,"high"
13854,"8109.52",25,"high"
16672,"8134.94",20,"high"
14936,"8137.02",8,"high"
14056,"8214.65",23,"high"
16558,"8338.49",20,"high"
15358,"8347.20",22,"high"
18139,"8438.34",6,"high"
12683,"8476.57",15,"high"
14527,"8508.82",55,"high"
16656,"8625.80",15,"high"
17306,"8631.31",19,"high"
17243,"8676.85",26,"high"
17017,"8694.26",20,"high"
16033,"8816.40",20,"high"
13090,"8910.82",14,"high"
13488,"8968.31",13,"high"
12451,"9035.52",5,"high"
13969,"9053.94",18,"high"
18092,"9068.26",11,"high"
14667,"9241.20",25,"high"
14367,"9261.52",16,"high"
12567,"9401.28",10,"high"
16523,"9418.47",21,"high"
14733,"9585.91",12,"high"
13458,"9646.57",14,"high"
12709,"9736.52",15,"high"
15078,"9743.11",32,"high"
13199,"9817.12",38,"high"
13001,"9818.82",13,"high"
12590,"9864.26",2,"high"
16843,"10196.57",16,"high"
16180,"10254.18",8,"high"
15502,"10384.93",12,"high"
15615,"10399.74",23,"high"
14062,"10464.85",12,"high"
15251,"10484.99",11,"high"
17706,"10504.49",17,"high"
17865,"10526.32",20,"high"
16779,"10629.72",22,"high"
17139,"10668.47",12,"high"
14769,"10674.75",8,"high"
13340,"10736.48",7,"high"
17107,"10815.43",6,"high"
13319,"10845.55",26,"high"
17581,"11045.04",25,"high"
15482,"11054.96",12,"high"
12409,"11072.67",3,"high"
14895,"11138.71",20,"high"
12971,"11189.91",86,"high"
14194,"11349.52",21,"high"
15125,"11528.48",15,"high"
12939,"11581.80",8,"high"
12557,"11990.96",5,"high"
14606,"12156.65",93,"high"
13113,"12245.96",24,"high"
12682,"12288.22",31,"high"
17340,"12353.29",11,"high"
16000,"12393.70",3,"high"
15640,"12515.66",15,"high"
12536,"12601.83",3,"high"
13078,"12627.94",26,"high"
14258,"12669.98",9,"high"
16525,"13027.45",26,"high"
17735,"13110.02",19,"high"
12477,"13219.74",6,"high"
15498,"13316.40",27,"high"
12433,"13375.87",7,"high"
12540,"13400.24",17,"high"
12621,"13689.67",20,"high"
12681,"13787.54",22,"high"
16705,"14034.99",20,"high"
14866,"14389.90",12,"high"
16133,"14589.04",33,"high"
15513,"14758.22",19,"high"
14051,"15610.39",23,"high"
15189,"16225.39",41,"high"
17677,"16363.23",30,"high"
15856,"16387.57",27,"high"
14607,"16569.50",14,"high"
12921,"16587.09",37,"high"
16839,"16594.35",34,"high"
13881,"17159.52",20,"high"
13767,"17220.36",37,"high"
17428,"17256.85",28,"high"
14031,"17286.86",19,"high"
12678,"17628.46",12,"high"
12901,"17654.54",28,"high"
15159,"18641.01",30,"high"
12731,"18895.91",12,"high"
12471,"19824.05",30,"high"
15039,"19914.44",47,"high"
17381,"20275.61",29,"high"
17675,"20374.28",31,"high"
16210,"21086.30",18,"high"
12744,"21279.29",7,"high"
12753,"21429.39",6,"high"
13777,"25977.16",33,"high"
16333,"26626.80",22,"high"
17857,"26879.04",23,"high"
13408,"28117.04",62,"high"
13081,"28337.38",11,"high"
14680,"28754.11",16,"high"
13098,"28882.44",28,"high"
17389,"31833.68",34,"high"
17404,"31906.82",15,"high"
15838,"33643.08",19,"high"
12748,"33719.73",210,"high"
16422,"34684.40",51,"high"
16013,"37130.60",47,"high"
13798,"37153.85",57,"high"
15098,"39916.50",3,"high"
17841,"40991.57",124,"high"
12931,"42055.96",15,"high"
15749,"44534.30",3,"high"
14088,"50491.81",13,"high"
14298,"51527.30",44,"high"
15061,"54534.14",48,"high"
15769,"56252.72",26,"high"
17949,"58510.48",45,"high"
13089,"58825.83",97,"high"
15311,"60767.90",91,"high"
13694,"65039.62",50,"high"
14096,"65164.79",17,"high"
16684,"66653.56",28,"high"
12346,"77183.60",1,"high"
16029,"81024.84",63,"high"
17511,"91062.38",31,"high"
14156,"117379.63",55,"high"
12415,"124914.53",21,"high"
14911,"143825.06",201,"high"
16446,"168472.50",2,"high"
17450,"194550.79",46,"high"
18102,"259657.30",60,"high"
14646,"280206.02",74,"high"
